,Title,Artist,Energy,Tempo,Danceability,Instrumentalness,Valence,Cluster
0,Imagine - Remastered 2010,John Lennon,0.257,75.752,0.547,0.183,0.16899999999999998,3
1,A Whiter Shade Of Pale,Procol Harum,0.66,149.813,0.249,0.0026,0.435,5
2,My Sweet Lord,George Harrison,0.685,120.965,0.537,0.0,0.542,1
3,God Only Knows - Remastered,The Beach Boys,0.48700000000000004,117.072,0.521,0.0,0.483,1
4,Bridge Over Troubled Water,Simon & Garfunkel,0.20600000000000002,79.764,0.149,0.0006490000000000001,0.264,3
5,Bohemian Rhapsody - Remastered 2011,Queen,0.40399999999999997,71.105,0.414,0.0,0.22399999999999998,3
6,Stairway to Heaven - Remaster,Led Zeppelin,0.34,82.43299999999999,0.33799999999999997,0.0032,0.19699999999999998,3
7,All Along the Watchtower,Jimi Hendrix,0.805,113.25299999999999,0.43799999999999994,5.6899999999999994e-05,0.564,7
8,Hotel California - 2013 Remaster,Eagles,0.508,147.125,0.579,0.0004940000000000001,0.609,2
9,Heroes - Single Version; 2014 Remaster,David Bowie,0.6809999999999999,112.16,0.502,0.107,0.584,7
10,In the Ghetto,Elvis Presley,0.415,87.90700000000001,0.47700000000000004,0.0035600000000000002,0.418,3
11,Johnny B. Goode - Single Version,Chuck Berry,0.889,169.895,0.493,7.209999999999999e-05,0.97,2
12,Alive,Pearl Jam,0.875,75.009,0.284,0.00046100000000000004,0.595,7
13,Let It Be - Remastered,The Beatles,0.40299999999999997,143.46200000000002,0.44299999999999995,0.0,0.41,5
14,Viva La Vida,Coldplay,0.617,138.015,0.486,3.23e-06,0.41700000000000004,1
15,Paranoid,Black Sabbath,0.631,162.734,0.429,0.00411,0.376,5
16,I Heard It Through The Grapevine,Marvin Gaye,0.324,116.855,0.7290000000000001,0.0,0.679,0
17,Smells Like Teen Spirit,Nirvana,0.912,116.76100000000001,0.502,0.000173,0.72,7
18,Life on Mars? - 2015 Remaster,David Bowie,0.384,123.281,0.442,7.7e-05,0.21600000000000003,5
19,You Can't Always Get What You Want - Single Version,The Rolling Stones,0.67,90.689,0.312,4.8200000000000006e-05,0.5,7
20,Every Breath You Take - Remastered 2003,The Police,0.452,117.40100000000001,0.82,0.00294,0.74,0
21,Tears in Heaven,Eric Clapton,0.242,153.744,0.498,0.536,0.312,4
22,Like a Rolling Stone,Bob Dylan,0.721,95.26100000000001,0.483,0.0,0.562,7
23,One,U2,0.536,90.35799999999999,0.511,0.00265,0.35700000000000004,3
24,Light My Fire,The Doors,0.725,124.618,0.413,2.1600000000000003e-05,0.44,1
25,Creep,Radiohead,0.43,91.84100000000001,0.515,0.00014099999999999998,0.10400000000000001,3
26,A Day In The Life - Remastered,The Beatles,0.457,163.219,0.364,0.000106,0.175,5
27,Layla,Derek & The Dominos,0.653,114.363,0.415,0.469,0.23399999999999999,4
28,Ring of Fire,Johnny Cash,0.517,104.56299999999999,0.6609999999999999,0.00015800000000000002,0.6759999999999999,0
29,(I Can't Get No) Satisfaction - Mono Version / Remastered 2002,The Rolling Stones,0.853,136.282,0.725,0.127,0.904,6
30,"No Woman, No Cry - Live At The Lyceum, London/1975",Bob Marley & The Wailers,0.6729999999999999,78.535,0.649,0.0351,0.5870000000000001,7
31,Waterloo Sunset - Mono Version,The Kinks,0.55,107.557,0.579,0.0,0.474,1
32,Sunshine Of Your Love,Cream,0.48100000000000004,115.07799999999999,0.684,6.57e-05,0.784,0
33,Be My Baby,The Ronettes,0.769,129.657,0.511,0.0,0.818,6
34,Unchained Melody,The Righteous Brothers,0.19899999999999998,98.97,0.376,0.0,0.247,3
35,Stand by Me,Ben E. King,0.23199999999999998,119.13600000000001,0.632,4.95e-06,0.6729999999999999,0
36,Your Song,Elton John,0.27,128.221,0.551,7.04e-06,0.289,5
37,"Oh, Pretty Woman",Roy Orbison,0.5820000000000001,127.29700000000001,0.608,0.0,0.9520000000000001,6
38,Heart of Gold - 2009 Remaster,Neil Young,0.45899999999999996,171.165,0.541,0.0274,0.8029999999999999,2
39,Billie Jean,Michael Jackson,0.457,117.00200000000001,0.932,0.0436,0.884,0
40,Crazy - Single Version,Patsy Cline,0.021,107.765,0.47100000000000003,1.19e-06,0.35600000000000004,3
41,Whole Lotta Love - 1990 Remaster,Led Zeppelin,0.902,89.74,0.41200000000000003,0.131,0.42200000000000004,7
42,Purple Haze,Jimi Hendrix,0.905,108.9,0.5329999999999999,0.578,0.486,4
43,If You Leave Me Now,Chicago,0.564,104.212,0.429,0.000828,0.276,3
44,Purple Rain,Prince,0.452,113.066,0.36700000000000005,0.00228,0.18899999999999997,3
45,Don't Stop Believin',Journey,0.748,118.852,0.5,0.0,0.514,1
46,For What It's Worth,Buffalo Springfield,0.519,98.883,0.653,0.0209,0.8220000000000001,0
47,Dancing Queen,ABBA,0.87,100.804,0.5429999999999999,0.0009390000000000001,0.754,7
48,You've Lost That Lovin' Feelin',The Righteous Brothers,0.305,94.921,0.365,0.0,0.39799999999999996,3
49,Jump - 2015 Remaster,Van Halen,0.835,129.994,0.5720000000000001,0.000376,0.7959999999999999,6
50,"Love Me Tender - From the 20th Century-Fox CinemaScope Production, ""Love Me Tender""",Elvis Presley,0.0373,103.051,0.396,4.41e-05,0.302,3
51,Wonderful Tonight,Eric Clapton,0.20800000000000002,95.539,0.57,0.14,0.508,3
52,You Send Me - Remastered,Sam Cooke,0.28600000000000003,95.964,0.565,0.0,0.48700000000000004,3
53,California Dreamin',The Mamas & The Papas,0.69,112.749,0.5539999999999999,0.0,0.5579999999999999,1
54,My Girl,The Temptations,0.41600000000000004,104.375,0.5760000000000001,1.74e-06,0.746,0
55,Born to Run,Bruce Springsteen,0.9440000000000001,146.347,0.27,2.05e-05,0.606,2
56,My Generation - Stereo Version,The Who,0.782,96.73200000000001,0.41200000000000003,0.00822,0.705,7
57,Smoke On The Water - Remastered 2012,Deep Purple,0.6759999999999999,114.169,0.598,0.225,0.805,6
58,Iron Man,Black Sabbath,0.769,157.378,0.332,0.00413,0.525,2
59,All You Need Is Love - Remastered,The Beatles,0.48,103.436,0.4,3.1e-05,0.653,7
60,(We're Gonna) Rock Around The Clock - Single Version,Bill Haley & His Comets,0.69,178.71,0.6809999999999999,0.00018,0.622,2
61,The Weight - Remastered,The Band,0.519,143.942,0.63,4.2999999999999995e-06,0.502,1
62,What A Wonderful World,Louis Armstrong,0.373,77.59100000000001,0.273,0.000241,0.147,3
63,You Really Got Me - Remastered,The Kinks,0.948,137.29399999999998,0.588,7.92e-05,0.9620000000000001,6
64,Baby Love - Juke Box Single Version,The Supremes,0.698,135.821,0.594,0.0,0.649,1
65,Morning Has Broken,Yusuf / Cat Stevens,0.321,133.126,0.424,0.0196,0.405,5
66,House of the Rising Sun,The Animals,0.484,117.363,0.316,0.00445,0.299,5
67,"Mrs. Robinson - From ""The Graduate"" Soundtrack",Simon & Garfunkel,0.457,92.03299999999999,0.606,2.5300000000000002e-05,0.813,0
68,Oye Como Va,Santana,0.379,128.399,0.736,0.345,0.948,0
69,Here Comes The Sun - Remastered,The Beatles,0.54,129.171,0.557,0.00248,0.39399999999999996,1
70,Just Like a Woman,Bob Dylan,0.441,115.17399999999999,0.564,0.0,0.469,1
71,Bad Moon Rising,Creedence Clearwater Revival,0.762,89.837,0.647,3.35e-06,0.93,6
72,I Can't Stop Loving You,Ray Charles Orchestra,0.366,80.207,0.34,0.0,0.414,3
73,Summertime Blues,Eddie Cochran,0.82,155.968,0.721,0.00032599999999999996,0.966,6
74,Born To Be Wild,Steppenwolf,0.71,145.928,0.43799999999999994,0.537,0.53,4
75,White Christmas,Bing Crosby,0.249,92.86,0.217,0.0474,0.237,3
76,Nothing Compares 2 U - 2009 Remaster,Sinéad O'Connor,0.488,119.95100000000001,0.527,0.000131,0.131,1
77,Always On My Mind,Willie Nelson,0.261,73.336,0.518,0.00106,0.2,3
78,Piece of My Heart,Big Brother & The Holding Company,0.727,160.82,0.44299999999999995,0.00014099999999999998,0.5660000000000001,2
79,I Will Always Love You,Whitney Houston,0.214,66.98,0.306,5.3e-06,0.10800000000000001,3
80,Highway to Hell,AC/DC,0.9129999999999999,115.728,0.574,0.00158,0.423,1
81,Walk on By,Dionne Warwick,0.384,98.39299999999999,0.691,3.55e-06,0.618,0
82,You Can't Hurry Love,The Supremes,0.708,194.95,0.46,0.0,0.542,2
83,Louie Louie,The Kingsmen,0.7090000000000001,122.39399999999999,0.623,0.0,0.948,6
84,Knockin' On Heaven's Door,Bob Dylan,0.396,140.208,0.513,0.177,0.22899999999999998,5
85,Suspicious Minds,Elvis Presley,0.382,116.557,0.48700000000000004,4.74e-06,0.7140000000000001,0
86,She's A Rainbow - Stereo Full Version / With Intro,The Rolling Stones,0.7809999999999999,109.132,0.466,0.011000000000000001,0.626,7
87,Black Magic Woman / Gypsy Queen,Santana,0.462,124.03299999999999,0.46399999999999997,0.527,0.557,4
88,Walk On the Wild Side,Lou Reed,0.318,104.522,0.575,0.000202,0.385,3
89,You Ain't Seen Nothing Yet,Bachman-Turner Overdrive,0.442,118.36200000000001,0.474,0.000212,0.773,7
90,Live And Let Die,Paul McCartney,0.599,153.028,0.35600000000000004,0.000573,0.21600000000000003,5
91,I Walk the Line,Johnny Cash,0.484,105.834,0.862,0.0009960000000000001,0.787,0
92,La Vie en rose,Édith Piaf,0.278,82.331,0.371,0.0,0.33799999999999997,3
93,American Pie,Don McLean,0.48100000000000004,138.45,0.531,0.0,0.491,1
94,Can't Help Falling in Love,Elvis Presley,0.293,100.307,0.396,0.000196,0.34299999999999997,3
95,Happy Together,The Turtles,0.36700000000000005,120.175,0.584,1.3800000000000002e-05,0.588,0
96,Hey Jude - Remastered 2015,The Beatles,0.607,147.207,0.386,1.3800000000000002e-05,0.532,5
97,My Way,Frank Sinatra,0.45399999999999996,150.661,0.27899999999999997,0.0,0.21600000000000003,5
98,Over The Rainbow,Judy Garland,0.157,75.256,0.19699999999999998,0.000183,0.28800000000000003,3
99,Make Me Smile (Come up and See Me) - 2014 Remaster,Steve Harley,0.818,141.463,0.5710000000000001,0.000177,0.773,6
100,When a Man Loves a Woman,Percy Sledge,0.15,97.398,0.516,0.0755,0.20600000000000002,3
101,Bright Eyes,Art Garfunkel,0.21,112.51,0.38,0.45,0.207,4
102,Goodbye Yellow Brick Road - Remastered 2014,Elton John,0.48200000000000004,121.666,0.5720000000000001,0.00255,0.38299999999999995,1
103,Behind Blue Eyes,The Who,0.53,128.556,0.41,2.36e-05,0.263,5
104,Don't Look Back in Anger,Oasis,0.9129999999999999,164.005,0.349,8.06e-06,0.225,1
105,Hey Joe,Jimi Hendrix,0.768,169.49200000000002,0.34600000000000003,0.38,0.532,4
106,Vienna - 2008 Remaster,Ultravox,0.583,80.132,0.605,0.188,0.33399999999999996,3
107,We Are The Champions - Remastered 2011,Queen,0.45899999999999996,64.17699999999999,0.268,0.0,0.175,3
108,San Francisco (Be Sure to Wear Flowers in Your Hair) - Single Version,Scott McKenzie,0.52,112.554,0.525,0.00569,0.523,1
109,Jailhouse Rock,Elvis Presley,0.672,166.903,0.635,5.03e-06,0.895,2
110,West End Girls - 2001 Remaster,Pet Shop Boys,0.9490000000000001,113.257,0.6509999999999999,0.125,0.61,6
111,Have You Ever Seen The Rain,Creedence Clearwater Revival,0.6970000000000001,116.109,0.741,2.2800000000000002e-05,0.774,6
112,Peggy Sue - Single Version,Buddy Holly,0.424,148.373,0.6759999999999999,0.0004940000000000001,0.493,0
113,Born in the U.S.A.,Bruce Springsteen,0.9520000000000001,122.09299999999999,0.39799999999999996,7.75e-05,0.584,7
114,The Logical Song - Remastered 2010,Supertramp,0.758,119.719,0.625,0.00022,0.695,6
115,Heart Of Glass [24-Bit Digitally Remastered 01] - Remastered 2001,Blondie,0.633,115.007,0.662,0.0233,0.657,6
116,C'mon Everybody,Eddie Cochran,0.645,175.84,0.622,0.00011599999999999999,0.863,2
117,Let's Stay Together,Al Green,0.397,101.985,0.7559999999999999,0.0115,0.507,0
118,Respect,Aretha Franklin,0.5579999999999999,114.95,0.805,2.2e-05,0.965,6
119,Blue Monday - 2016 Remaster,New Order,0.703,130.27,0.7929999999999999,0.88,0.856,4
120,(Sittin' On) the Dock of the Bay,Otis Redding,0.36700000000000005,103.62100000000001,0.769,1.62e-05,0.535,0
121,Ain't No Sunshine,Bill Withers,0.41600000000000004,79.593,0.479,1.7199999999999998e-05,0.514,3
122,Go Your Own Way - 2004 Remaster,Fleetwood Mac,0.9470000000000001,135.44799999999998,0.583,0.00109,0.8029999999999999,6
123,Welcome To The Jungle,Guns N' Roses,0.9540000000000001,123.45299999999999,0.447,0.40299999999999997,0.331,4
124,Come Together - Remastered,The Beatles,0.376,165.007,0.5329999999999999,0.248,0.187,5
125,Whole Lot of Shakin' Going On,Jerry Lee Lewis,0.626,161.468,0.377,6.459999999999998e-05,0.6779999999999999,2
126,La Bamba - Single Version,Ritchie Valens,0.809,75.09899999999999,0.516,0.000331,0.9390000000000001,7
127,All By Myself - Single Edit,Eric Carmen,0.39799999999999996,115.962,0.442,0.763,0.17800000000000002,4
128,Easy,Commodores,0.384,132.909,0.589,2.8000000000000003e-05,0.354,5
129,Seasons in the Sun,Terry Jacks,0.42700000000000005,99.167,0.623,0.0,0.899,0
130,Downtown,Petula Clark,0.589,117.699,0.48100000000000004,0.0,0.6659999999999999,7
131,In The Air Tonight - 2015 Remastered,Phil Collins,0.239,189.507,0.446,4.1e-06,0.298,5
132,Jumpin' Jack Flash,The Rolling Stones,0.909,137.335,0.575,0.23800000000000002,0.693,6
133,Drive,The Cars,0.606,111.441,0.5820000000000001,0.00139,0.504,1
134,"Monday, Monday - Single Version",The Mamas & The Papas,0.467,110.553,0.493,0.0,0.731,7
135,Don't Be Cruel,Elvis Presley,0.675,84.96700000000001,0.68,0.0,0.805,6
136,Without You,Harry Nilsson,0.212,65.311,0.441,5.52e-06,0.124,3
137,Heaven,Bryan Adams,0.5720000000000001,69.83,0.26899999999999996,1.3e-06,0.364,3
138,Tainted Love,Soft Cell,0.535,144.635,0.556,0.0,0.687,2
139,Tutti Frutti,Little Richard,0.5479999999999999,184.795,0.499,0.0,0.9640000000000001,2
140,The Girl From Ipanema,Stan Getz,0.149,130.359,0.653,0.000983,0.48100000000000004,0
141,Get Up (I Feel Like Being A) Sex Machine - Pt. 1 & 2,James Brown,0.812,108.352,0.825,4.5799999999999995e-05,0.847,6
142,Love Hurts - Single Edit,Nazareth,0.491,79.954,0.442,0.00491,0.125,3
143,I'm Not In Love,10cc,0.523,133.738,0.40399999999999997,0.0004980000000000001,0.16399999999999998,5
144,Enter Sandman,Metallica,0.828,123.257,0.5770000000000001,0.0114,0.604,1
145,Song Sung Blue - Single Version,Neil Diamond,0.327,108.913,0.556,1.32e-05,0.327,3
146,(What A) Wonderful World - Remastered,Sam Cooke,0.5429999999999999,128.091,0.524,0.0,0.877,6
147,Paradise City,Guns N' Roses,0.9520000000000001,100.271,0.273,0.0111,0.47200000000000003,7
148,Lovely Day,Bill Withers,0.6509999999999999,97.91799999999999,0.69,0.0024100000000000002,0.706,6
149,I Want to Know What Love Is - 1999 Remaster,Foreigner,0.47100000000000003,81.204,0.47700000000000004,1.76e-06,0.423,3
150,Penny Lane - Remastered,The Beatles,0.488,113.038,0.6509999999999999,0.026000000000000002,0.49,0
151,Wouldn't It Be Nice - Stereo Mix,The Beach Boys,0.629,124.51100000000001,0.392,3.76e-06,0.72,7
152,Raindrops Keep Fallin' On My Head,B.J. Thomas,0.446,104.962,0.519,0.000124,0.654,7
153,Time After Time,Cyndi Lauper,0.449,130.388,0.726,1.34e-06,0.294,1
154,Mustang Sally,Wilson Pickett,0.327,110.43799999999999,0.725,0.326,0.688,0
155,Our House,Madness,0.715,120.999,0.589,0.00105,0.8059999999999999,6
156,How Deep Is Your Love,Bee Gees,0.23,104.97399999999999,0.613,0.0,0.672,0
157,Umbrella,Rihanna,0.8290000000000001,174.028,0.583,0.0,0.575,2
158,Crazy,Gnarls Barkley,0.5870000000000001,111.97,0.855,0.0071400000000000005,0.64,0
159,Have I Told You Lately,Van Morrison,0.47700000000000004,143.78,0.344,0.0128,0.182,5
160,Song 2 - 2012 Remaster,Blur,0.789,129.804,0.674,0.0071,0.9179999999999999,6
161,Maggie May,Rod Stewart,0.6459999999999999,129.388,0.588,0.0955,0.649,1
162,Lean on Me,Bill Withers,0.22,75.16,0.619,1.1900000000000001e-05,0.423,3
163,"Take My Breath Away - Love Theme from ""Top Gun""",Berlin,0.7190000000000001,95.76899999999999,0.49700000000000005,0.0,0.547,7
164,Somebody to Love,Jefferson Airplane,0.578,132.411,0.504,0.0,0.654,1
165,Good Vibrations - Remastered,The Beach Boys,0.473,133.44899999999998,0.396,0.000124,0.385,5
166,Back for Good - Radio Mix,Take That,0.504,78.961,0.6,0.0,0.547,0
167,Africa,TOTO,0.373,92.71799999999999,0.6709999999999999,8.01e-05,0.732,0
168,Unbelievable,EMF,0.8490000000000001,104.074,0.637,0.0386,0.9359999999999999,6
169,Runaway Train,Soul Asylum,0.72,117.34100000000001,0.613,0.0,0.561,1
170,Nutbush City Limits,Ike & Tina Turner,0.961,76.525,0.693,0.0538,0.897,6
171,I Wanna Be Sedated - 2002 Remaster,Ramones,0.96,163.017,0.597,2.8899999999999998e-05,0.937,2
172,Start Me Up - 2009 Re-Mastered Digital Version,The Rolling Stones,0.932,122.429,0.631,0.13699999999999998,0.971,6
173,November Rain,Guns N' Roses,0.629,79.495,0.19699999999999998,0.27899999999999997,0.221,3
174,Fly Me To The Moon,Frank Sinatra,0.365,119.34200000000001,0.67,0.0,0.45,0
175,I Got You Babe,Sonny & Cher,0.795,110.583,0.629,5.44e-06,0.6,6
176,You Needed Me,Anne Murray,0.29600000000000004,62.20399999999999,0.49700000000000005,0.0,0.171,3
177,Do You Really Want To Hurt Me,Culture Club,0.376,100.78,0.7440000000000001,0.0,0.42,0
178,Thriller,Michael Jackson,0.687,118.39200000000001,0.7709999999999999,0.000225,0.7829999999999999,6
179,Spirit In The Sky,Norman Greenbaum,0.606,128.73,0.537,0.0055899999999999995,0.5820000000000001,1
180,Wind Of Change,Scorpions,0.5429999999999999,151.362,0.45299999999999996,0.0,0.282,5
181,Just the Way You Are,Billy Joel,0.45299999999999996,139.148,0.589,2.54e-05,0.513,1
182,Eve Of Destruction,Barry McGuire,0.307,117.305,0.613,4.52e-06,0.789,0
183,Summer in the City - Remastered,The Lovin' Spoonful,0.6809999999999999,110.461,0.423,0.000177,0.5589999999999999,7
184,Mysterious Ways,U2,0.664,99.794,0.675,0.0126,0.6679999999999999,6
185,The Great Pretender,The Platters,0.382,77.46600000000001,0.537,0.0,0.5429999999999999,3
186,Sweet Caroline - Single Version,Neil Diamond,0.255,127.368,0.5489999999999999,2.17e-05,0.638,0
187,I Feel Love,Donna Summer,0.711,126.696,0.674,0.691,0.961,4
188,Barcelona - Single Version - 2011 Remaster,Freddie Mercury,0.506,106.363,0.249,0.00025299999999999997,0.121,3
189,Sympathy For The Devil,The Rolling Stones,0.6729999999999999,114.385,0.5660000000000001,1.13e-06,0.583,1
190,The Model - 2009 Remaster,Kraftwerk,0.6829999999999999,123.602,0.708,0.643,0.46299999999999997,4
191,Fix You,Coldplay,0.41700000000000004,138.178,0.209,0.00196,0.124,5
192,"Sugar, Sugar",The Archies,0.871,122.395,0.736,0.0,0.9670000000000001,6
193,Sweet Child O' Mine,Guns N' Roses,0.91,125.116,0.45399999999999996,0.0996,0.629,7
194,Annie's Song,John Denver,0.308,147.11700000000002,0.325,0.00603,0.447,5
195,Yesterday - Remastered,The Beatles,0.179,96.529,0.332,0.0,0.315,3
196,Alone Again Or - 2015 Remaster,Love,0.303,174.25400000000002,0.318,0.000223,0.226,5
197,Zombie,The Cranberries,0.635,166.97799999999998,0.307,0.00486,0.305,5
198,The Sound of Silence,Simon & Garfunkel,0.456,107.529,0.435,1.62e-06,0.529,3
199,Bitter Sweet Symphony,The Verve,0.9109999999999999,171.112,0.36200000000000004,0.0,0.498,2
200,Hallelujah,Jeff Buckley,0.136,97.256,0.324,0.00117,0.0831,3
201,Seven Nation Army,The White Stripes,0.466,123.889,0.745,0.35,0.303,4
202,"Non, je ne regrette rien",Édith Piaf,0.354,87.01799999999999,0.382,3.11e-06,0.435,3
203,With Or Without You - Remastered,U2,0.43200000000000005,110.181,0.5379999999999999,0.309,0.11599999999999999,3
204,Blowin' in the Wind,Bob Dylan,0.0993,174.87400000000002,0.38,2.3199999999999998e-05,0.44,5
205,All I Have to Do Is Dream,The Everly Brothers,0.462,96.195,0.534,0.0,0.534,3
206,"If You Leave - From ""Pretty In Pink""",Orchestral Manoeuvres In The Dark,0.757,120.256,0.636,0.122,0.91,6
207,I Say a Little Prayer,Dionne Warwick,0.415,147.2,0.512,0.0,0.7140000000000001,2
208,"Lay, Lady, Lay",Bob Dylan,0.179,155.746,0.52,0.00344,0.40700000000000003,5
209,Just the Two of Us (feat. Bill Withers),"Grover Washington, Jr.",0.488,95.771,0.8029999999999999,0.0609,0.624,0
210,The Night They Drove Old Dixie Down - Remastered 2000,The Band,0.493,127.671,0.507,0.0,0.467,1
211,River Deep - Mountain High,Ike & Tina Turner,0.6409999999999999,83.90100000000001,0.324,8.47e-05,0.308,3
212,Strangers In The Night,Frank Sinatra,0.48200000000000004,90.602,0.272,0.0,0.565,3
213,You're so Vain,Carly Simon,0.6779999999999999,106.186,0.659,6.69e-06,0.647,6
214,Hound Dog,Elvis Presley,0.884,177.75099999999998,0.34299999999999997,0.0006730000000000001,0.94,2
215,Papa Was A Rollin' Stone,The Temptations,0.366,120.545,0.7440000000000001,0.0185,0.8290000000000001,0
216,Sweet Home Alabama,Lynyrd Skynyrd,0.605,97.78200000000001,0.597,0.000331,0.8859999999999999,6
217,That'll Be The Day,Buddy Holly,0.528,126.70700000000001,0.6509999999999999,0.0,0.873,6
218,Ebony And Ivory - Remixed 2015,Paul McCartney,0.691,160.688,0.564,0.0,0.73,2
219,Wake Me up When September Ends,Green Day,0.8140000000000001,104.98,0.546,0.0,0.146,1
220,Only You (And You Alone),The Platters,0.321,80.861,0.401,0.0,0.285,3
221,Rock And Roll Music,Chuck Berry,0.629,165.82299999999998,0.506,4.5e-05,0.846,2
222,Something - Remastered,The Beatles,0.33799999999999997,133.52200000000002,0.396,2.62e-06,0.377,5
223,Me and Bobby McGee,Janis Joplin,0.46399999999999997,93.19,0.45299999999999996,5.96e-05,0.6579999999999999,7
224,Gimme Some Lovin' - Single Mix,The Spencer Davis Group,0.688,147.403,0.493,0.256,0.5329999999999999,1
225,As Time Goes By,Dooley Wilson,0.24,78.056,0.42700000000000005,1.55e-05,0.305,3
226,Who'll Stop The Rain,Creedence Clearwater Revival,0.797,123.566,0.598,0.000407,0.622,6
227,Everybody Wants To Rule The World,Tears For Fears,0.8109999999999999,112.053,0.637,0.00451,0.552,1
228,The Wanderer,Dion,0.544,115.779,0.605,0.00579,0.797,0
229,The Joker,Steve Miller Band,0.44799999999999995,83.29299999999999,0.596,5.3e-06,0.7959999999999999,0
230,Just My Imagination (Running Away With Me),The Temptations,0.242,92.47200000000001,0.425,0.0118,0.47700000000000004,3
231,Singing In The Rain,Gene Kelly,0.282,132.82399999999998,0.384,3.13e-05,0.41700000000000004,5
232,Samba Pa Ti,Santana,0.358,92.292,0.40700000000000003,0.424,0.267,4
233,It's My Party,Lesley Gore,0.493,128.407,0.687,0.0,0.93,0
234,You Don't Have To Say You Love Me,Dusty Springfield,0.655,111.965,0.243,1.28e-06,0.575,7
235,Don't You (Forget About Me),Simple Minds,0.629,111.29,0.6629999999999999,0.0394,0.648,6
236,Dancing In The Street - Single Version,Martha Reeves & The Vandellas,0.883,126.20299999999999,0.561,0.0305,0.7490000000000001,6
237,Sultans Of Swing,Dire Straits,0.797,148.192,0.731,0.0248,0.9329999999999999,6
238,Will You Love Me Tomorrow,The Shirelles,0.384,137.047,0.49,3.17e-05,0.47,5
239,"Another Brick In The Wall, Pt. 2 - 2011 Remastered Version",Pink Floyd,0.39399999999999996,104.126,0.6940000000000001,0.000677,0.7190000000000001,0
240,Won't Get Fooled Again - Original Album Version,The Who,0.92,135.02700000000002,0.6859999999999999,0.27,0.225,1
241,Smile,Nat King Cole,0.244,85.499,0.185,1.11e-05,0.23199999999999998,3
242,Walk Away Renee,The Left Banke,0.436,118.314,0.474,0.0,0.588,7
243,You've Got a Friend,James Taylor,0.282,91.681,0.695,0.0267,0.445,0
244,I Fought the Law - Single Version,The Bobby Fuller Four,0.804,148.959,0.593,2.22e-06,0.9620000000000001,2
245,I Put a Spell On You,Screamin' Jay Hawkins,0.39899999999999997,173.78099999999998,0.733,0.0254,0.9,2
246,Eleanor Rigby - Remastered,The Beatles,0.28,137.83100000000002,0.581,1.56e-05,0.813,0
247,Son Of A Preacher Man,Dusty Springfield,0.47700000000000004,91.039,0.475,0.0,0.735,7
248,The Twist,Chubby Checker,0.638,156.66299999999998,0.5329999999999999,0.0,0.937,2
249,Wild Thing,The Troggs,0.664,201.583,0.42100000000000004,0.00244,0.574,2
250,Ne me quitte pas,Jacques Brel,0.24,98.009,0.43,0.0061600000000000005,0.36700000000000005,3
251,Massachusetts - Stereo Version,Bee Gees,0.573,102.12200000000001,0.483,3.14e-05,0.506,7
252,Brown Sugar,The Rolling Stones,0.934,128.606,0.633,0.00021,0.963,6
253,(I Left My Heart) In San Francisco,Tony Bennett,0.078,128.065,0.313,4.48e-06,0.125,5
254,Rocket Man (I Think It's Going To Be A Long Long Time),Elton John,0.532,136.571,0.601,6.25e-06,0.341,1
255,My Guy,Mary Wells,0.5760000000000001,126.454,0.6970000000000001,4.96e-05,0.927,6
256,Are You Lonesome Tonight? - Remastered,Elvis Presley,0.201,129.689,0.42100000000000004,0.000436,0.188,5
257,Tennessee Waltz,Patti Page,0.163,86.335,0.424,0.000671,0.294,3
258,White Rabbit,Jefferson Airplane,0.293,106.79799999999999,0.551,0.000273,0.322,3
259,Rapper's Delight - Single Version,The Sugarhill Gang,0.6920000000000001,111.78200000000001,0.917,1.09e-05,0.8190000000000001,6
260,Your Cheatin' Heart - Single Version,Hank Williams,0.145,128.08700000000002,0.6709999999999999,2.1000000000000002e-06,0.62,0
261,"(I've Had) The Time of My Life - From ""Dirty Dancing"" Soundtrack",Bill Medley,0.7809999999999999,108.695,0.7,0.0034200000000000003,0.385,1
262,The Boys Are Back In Town,Thin Lizzy,0.7120000000000001,78.11399999999999,0.319,0.000414,0.773,7
263,"Everybody's Talkin' - From ""Midnight Cowboy""",Harry Nilsson,0.349,124.984,0.43799999999999994,5.6999999999999996e-05,0.6829999999999999,5
264,Sweet Little Sixteen,Chuck Berry,0.635,175.338,0.507,0.0,0.9620000000000001,2
265,Ain't No Mountain High Enough,Marvin Gaye,0.616,130.037,0.669,0.0,0.818,6
266,What The World Needs Now Is Love - Single Version,Jackie DeShannon,0.41200000000000003,106.917,0.42,0.0,0.498,3
267,Try a Little Tenderness,Otis Redding,0.133,102.93799999999999,0.5870000000000001,2.26e-05,0.068,3
268,Turn! Turn! Turn! (To Everything There Is a Season),The Byrds,0.818,124.47399999999999,0.452,2.72e-05,0.755,7
269,Enjoy the Silence,Depeche Mode,0.593,113.007,0.382,0.0169,0.22399999999999998,1
270,That's Amore,Dean Martin,0.17,124.04700000000001,0.40700000000000003,0.0,0.5770000000000001,5
271,Bye Bye Love,The Everly Brothers,0.523,169.59799999999998,0.547,0.0,0.89,2
272,Fields Of Gold,Sting,0.33899999999999997,103.99600000000001,0.6509999999999999,0.0141,0.32,3
273,Runaway,Del Shannon,0.609,151.387,0.506,0.0,0.769,2
274,Venus,Shocking Blue,0.762,128.111,0.691,0.0286,0.9570000000000001,6
275,Whiskey In The Jar,Thin Lizzy,0.9179999999999999,127.728,0.552,0.0053100000000000005,0.7070000000000001,6
276,Paint It Black,The Rolling Stones,0.845,159.50799999999998,0.504,0.0419,0.736,2
277,Woman,John Lennon,0.6559999999999999,79.70100000000001,0.588,0.00227,0.746,7
278,My Boy Lollipop,Millie Small,0.561,132.416,0.672,0.0369,0.8909999999999999,6
279,Tell It Like It Is,Aaron Neville,0.376,93.706,0.61,2.18e-06,0.565,0
280,All Day and All of the Night,The Kinks,0.915,136.345,0.563,8.46e-05,0.71,6
281,Save the Last Dance for Me,The Drifters,0.53,143.453,0.54,0.0,0.8959999999999999,2
282,Black Hole Sun,Soundgarden,0.8220000000000001,105.50299999999999,0.35100000000000003,0.000117,0.158,1
283,(Your Love Keeps Lifting Me) Higher & Higher,Jackie Wilson,0.69,94.574,0.631,0.0,0.938,6
284,In My Life - Remastered,The Beatles,0.435,103.23899999999999,0.688,0.0,0.435,0
285,Many Rivers To Cross,Jimmy Cliff,0.278,137.468,0.406,0.0132,0.147,5
286,Stranger On The Shore,Acker Bilk,0.41100000000000003,104.814,0.33399999999999996,0.606,0.256,4
287,Fast Car,Tracy Chapman,0.292,103.95100000000001,0.711,0.0,0.19399999999999998,3
288,Le Freak,CHIC,0.746,118.616,0.867,0.0,0.9329999999999999,6
289,The Tracks Of My Tears,Smokey Robinson & The Miracles,0.33399999999999996,96.322,0.488,0.0,0.685,3
290,She Loves You - Mono / Remastered,The Beatles,0.895,150.109,0.308,0.0,0.902,2
291,Only Sixteen,Sam Cooke,0.391,112.28299999999999,0.737,0.0,0.83,0
292,Stuck On You,Elvis Presley,0.679,131.714,0.649,0.000615,0.96,6
293,Milord,Édith Piaf,0.38799999999999996,106.501,0.51,0.0,0.56,3
294,A Horse with No Name,America,0.506,123.179,0.654,0.0155,0.831,0
295,Walk This Way (feat. Aerosmith),Run–D.M.C.,0.578,105.598,0.759,8.18e-05,0.9440000000000001,6
296,Blueberry Hill - Remastered 2002,Fats Domino,0.506,136.662,0.479,2.6899999999999997e-05,0.83,2
297,The Long And Winding Road - Remastered,The Beatles,0.32899999999999996,132.282,0.299,0.0105,0.392,5
298,Superstition,Stevie Wonder,0.657,100.60700000000001,0.609,0.00221,0.872,6
299,Vincent,Don McLean,0.085,91.509,0.419,5.33e-06,0.45799999999999996,3
300,Georgia on My Mind,Ray Charles,0.316,130.939,0.28800000000000003,0.0,0.201,5
301,Be-Bop-A-Lula,Gene Vincent & His Blue Caps,0.561,127.63799999999999,0.607,0.0,0.841,6
302,Everlasting Love,Love Affair,0.569,120.531,0.49700000000000005,0.0,0.8109999999999999,7
303,ABC,The Jackson 5,0.7859999999999999,188.115,0.5720000000000001,0.00093,0.9520000000000001,2
304,In the Midnight Hour - 2006 Remaster; Single Version,Wilson Pickett,0.6409999999999999,111.84899999999999,0.6940000000000001,0.0,0.8690000000000001,6
305,Wake up Little Susie,The Everly Brothers,0.62,93.723,0.7090000000000001,0.0,0.9359999999999999,6
306,Con Te Partirò,Andrea Bocelli,0.364,100.535,0.249,0.00186,0.247,3
307,You Are The Sunshine Of My Life,Stevie Wonder,0.531,132.175,0.524,2.51e-05,0.6829999999999999,1
308,Mamma Mia,ABBA,0.7709999999999999,137.543,0.748,0.000333,0.782,6
309,Blue Suede Shoes - Rerecorded,Carl Perkins,0.552,164.873,0.461,0.0141,0.934,2
310,Jolene,Dolly Parton,0.537,110.57799999999999,0.674,0.0,0.809,0
311,Volare (Nel blu dipinto di blu),Domenico Modugno,0.237,128.467,0.5,0.000207,0.589,5
312,I Only Want To Be With You - Mono,Dusty Springfield,0.759,132.91299999999998,0.585,0.0,0.945,6
313,Dream A Little Dream Of Me,Cass Elliot,0.42700000000000005,134.586,0.413,0.0,0.306,5
314,One Fine Day,The Chiffons,0.552,89.574,0.486,1.54e-06,0.8959999999999999,7
315,Ruby Tuesday - Stereo Version,The Rolling Stones,0.5429999999999999,104.52799999999999,0.518,0.0,0.579,7
316,Stand By Your Man,Tammy Wynette,0.331,105.76100000000001,0.563,0.0008460000000000001,0.608,0
317,Pata pata,Miriam Makeba,0.8059999999999999,125.495,0.742,0.0,0.94,6
318,Albatross,Fleetwood Mac,0.0794,203.891,0.235,0.885,0.295,4
319,Mannish Boy,Muddy Waters,0.42100000000000004,109.79799999999999,0.636,0.0,0.498,0
320,Everyday Is Like Sunday - 2011 Remaster,Morrissey,0.8690000000000001,117.064,0.6,0.441,0.56,4
321,You Are So Beautiful,Joe Cocker,0.11,121.88,0.38799999999999996,0.00207,0.106,5
322,Spinning Wheel - Single Version,"Blood, Sweat & Tears",0.495,95.693,0.7140000000000001,1.52e-05,0.599,0
323,Personal Jesus,Depeche Mode,0.7290000000000001,130.041,0.6829999999999999,0.163,0.359,1
324,I Can See Clearly Now,Johnny Nash,0.46799999999999997,124.227,0.6579999999999999,8.68e-05,0.684,0
325,Smoke Gets In Your Eyes,The Platters,0.22699999999999998,114.27799999999999,0.29,7.950000000000001e-05,0.22399999999999998,3
326,Aquarius/Let The Sunshine In (The Flesh Failures) [Remastered],The 5th Dimension,0.74,118.23,0.293,0.00151,0.516,7
327,Love Is All Around,The Troggs,0.484,98.82,0.45899999999999996,0.0005769999999999999,0.688,7
328,When Doves Cry,Prince,0.9890000000000001,126.47,0.7290000000000001,4.45e-05,0.84,6
329,More Than a Feeling,Boston,0.682,108.736,0.377,0.00217,0.28800000000000003,1
330,Lili Marleen.,Marlene Dietrich,0.0863,83.915,0.31,0.0,0.321,3
331,Everything I Own,Bread,0.33799999999999997,79.241,0.365,0.0,0.446,3
332,She's Not There,The Zombies,0.8029999999999999,132.316,0.523,0.0,0.898,6
333,Oh Happy Day,The Edwin Hawkins Singers,0.462,116.78200000000001,0.321,0.0,0.457,5
334,Baker Street,Gerry Rafferty,0.349,113.762,0.49700000000000005,0.027999999999999997,0.42100000000000004,3
335,Both Sides Now,Joni Mitchell,0.156,97.235,0.623,0.0,0.32899999999999996,3
336,In The Mood,Glenn Miller,0.342,81.393,0.665,0.0815,0.8590000000000001,0
337,In the Summertime,Mungo Jerry,0.503,166.016,0.6,0.0,0.9420000000000001,2
338,Only the Lonely,Roy Orbison,0.529,123.273,0.57,0.00509,0.934,6
339,Brown Eyed Handsome Man - Single Version,Chuck Berry,0.902,180.993,0.52,6.25e-06,0.873,2
340,Those Were The Days - Remastered,Mary Hopkin,0.292,169.685,0.374,0.0005809999999999999,0.49700000000000005,5
341,Tell Him - Single Version,The Exciters,0.616,177.06099999999998,0.708,0.0,0.9079999999999999,2
342,Under the Boardwalk,The Drifters,0.35600000000000004,123.885,0.726,0.0,0.75,0
343,"Help Me, Rhonda - Remastered",The Beach Boys,0.748,139.739,0.544,0.0007160000000000001,0.825,2
344,Take Five,The Dave Brubeck Quartet,0.26,174.322,0.45399999999999996,0.00078,0.598,5
345,Telstar,The Tornados,0.7509999999999999,145.719,0.196,0.667,0.629,4
346,Proud Mary,Creedence Clearwater Revival,0.6409999999999999,120.745,0.6990000000000001,0.000218,0.728,6
347,She - Tous les visages de l’amour,Charles Aznavour,0.39299999999999996,132.069,0.348,0.0,0.35700000000000004,5
348,"December, 1963 (Oh What a Night!)",Frankie Valli & The Four Seasons,0.588,104.413,0.727,5.46e-06,0.9640000000000001,6
349,Under the Bridge,Red Hot Chili Peppers,0.345,84.581,0.5589999999999999,0.000105,0.45799999999999996,3
350,Why Do Fools Fall in Love,Frankie Lymon & The Teenagers,0.45799999999999996,174.14700000000002,0.439,6.02e-05,0.866,2
351,Surfin' U.S.A. - Remastered,The Beach Boys,0.868,158.563,0.55,0.0,0.9620000000000001,2
352,One Love / People Get Ready,Bob Marley & The Wailers,0.523,76.292,0.725,0.0,0.95,0
353,He Ain't Heavy He's My Brother,The Hollies,0.275,75.75399999999999,0.319,0.000365,0.253,3
354,Let's Get It On,Marvin Gaye,0.605,166.91,0.54,1.71e-06,0.629,2
355,King Of The Road,Roger Miller,0.249,120.51899999999999,0.7070000000000001,3.51e-06,0.736,0
356,Bo Diddley,Bo Diddley,0.706,105.682,0.81,0.0,0.608,6
357,Baby I Need Your Loving,Four Tops,0.6990000000000001,121.376,0.628,0.0,0.639,6
358,Don't You Want Me,The Human League,0.738,117.656,0.731,0.0,0.958,6
359,I Shot The Sheriff,The Wailers,0.644,96.87,0.797,6.51e-05,0.706,0
360,Space Oddity - 1999 Remaster,David Bowie,0.423,136.205,0.31,1.3500000000000001e-05,0.457,5
361,Gold - 2003 Remaster,Spandau Ballet,0.802,143.116,0.7240000000000001,0.0016,0.7290000000000001,6
362,I'm a Believer,The Monkees,0.772,79.462,0.503,2.47e-06,0.935,7
363,Unforgettable,Nat King Cole,0.182,136.092,0.349,0.0152,0.17800000000000002,5
364,Tequila,The Champs,0.742,89.74799999999999,0.6709999999999999,0.679,0.897,4
365,Paperback Writer - Remastered,The Beatles,0.685,157.394,0.502,6.45e-06,0.805,2
366,What's Going On,Marvin Gaye,0.833,205.375,0.245,0.0,0.805,2
367,Blue Eyes - Remastered 2003,Elton John,0.22899999999999998,106.665,0.518,0.0036299999999999995,0.159,3
368,"I'd Do Anything For Love (But I Won't Do That) - Live From The Beacon Theatre, New York, U.S.A./1995",Meat Loaf,0.5529999999999999,76.115,0.265,0.0,0.237,3
369,Roll Over Beethoven - Single Version,Chuck Berry,0.882,92.676,0.72,0.0,0.8240000000000001,6
370,The Locomotion,Little Eva,0.782,128.97299999999998,0.629,0.0215,0.736,6
371,Keep On Running - Mono Version,The Spencer Davis Group,0.7609999999999999,138.681,0.66,0.0,0.679,6
372,I'm So Lonesome I Could Cry - Single Version,Hank Williams,0.125,111.178,0.645,0.000391,0.518,0
373,Enola Gay - Remastered,Orchestral Manoeuvres In The Dark,0.764,143.319,0.5589999999999999,0.0299,0.932,2
374,"Memphis, Tennessee - Single Version",Chuck Berry,0.276,97.961,0.789,1.23e-06,0.782,0
375,Boulevard of Broken Dreams,Green Day,0.679,167.046,0.49,1.5399999999999998e-05,0.506,2
376,Beat It,Michael Jackson,0.711,138.72799999999998,0.7759999999999999,0.00035299999999999996,0.9009999999999999,6
377,God Save The Queen,Sex Pistols,0.9009999999999999,147.19899999999998,0.304,0.000376,0.541,2
378,As Tears Go By - Remastered 2002,The Rolling Stones,0.27899999999999997,112.69200000000001,0.373,0.00339,0.386,3
379,Upside Down,Diana Ross,0.904,107.955,0.887,0.0101,0.89,6
380,Sgt. Pepper's Lonely Hearts Club Band - Remastered,The Beatles,0.6729999999999999,95.51299999999999,0.451,0.00225,0.583,7
381,Friday I'm In Love,The Cure,0.763,136.205,0.526,6.75e-05,0.514,1
382,Use Somebody,Kings of Leon,0.715,137.028,0.276,0.000417,0.17300000000000001,5
383,Thank You For The Music,ABBA,0.43700000000000006,201.442,0.29100000000000004,0.0,0.278,5
384,Gloria (feat. Van Morrison) - Stereo Version,Them,0.703,129.118,0.6409999999999999,0.0054600000000000004,0.722,6
385,Song For Guy - Single Version,Elton John,0.18899999999999997,122.569,0.45899999999999996,0.0051600000000000005,0.114,5
386,Build Me Up Buttercup,The Foundations,0.423,133.612,0.657,0.0,0.8420000000000001,0
387,Jealous Guy - Remastered 2010,John Lennon,0.389,131.366,0.489,0.32,0.254,5
388,Big Yellow Taxi,Joni Mitchell,0.47,85.527,0.611,0.0,0.97,0
389,Sir Duke,Stevie Wonder,0.568,106.93799999999999,0.588,0.0,0.9520000000000001,6
390,Do You Love Me,The Contours,0.8079999999999999,150.768,0.62,0.0,0.7879999999999999,2
391,Perfect Day,Lou Reed,0.267,144.799,0.4,0.00734,0.0872,5
392,Don't Speak,No Doubt,0.7070000000000001,76.05,0.522,2.0399999999999998e-05,0.5720000000000001,7
393,New Year's Day - Remastered 2008,U2,0.836,133.468,0.539,0.062,0.647,1
394,Blackbird - Remastered,The Beatles,0.127,93.699,0.6859999999999999,1.4099999999999999e-05,0.37200000000000005,3
395,"What'd I Say, Pt. 1 & 2",Ray Charles,0.6809999999999999,88.385,0.54,0.0,0.794,7
396,All Shook Up,Elvis Presley,0.6679999999999999,73.851,0.665,0.0,0.938,6
397,I'll Take You There,The Staple Singers,0.595,101.632,0.846,1.96e-06,0.78,0
398,I Can See For Miles,The Who,0.804,130.838,0.354,2.2899999999999998e-05,0.21100000000000002,1
399,Great Balls of Fire,Jerry Lee Lewis,0.627,79.567,0.5920000000000001,0.0,0.909,7
400,All Right Now,Free,0.484,119.993,0.7809999999999999,0.000138,0.804,0
401,Foxey Lady,Jimi Hendrix,0.847,98.096,0.507,0.237,0.5660000000000001,7
402,In The Still Of The Nite,The Five Satins,0.33,72.428,0.531,0.0,0.41600000000000004,3
403,Sweet Jane - Full Length Version; 2015 Remaster,The Velvet Underground,0.637,105.205,0.619,0.0,0.9359999999999999,6
404,It's Not Unusual,Tom Jones,0.716,184.49900000000002,0.34600000000000003,0.0,0.904,2
405,Chapel of Love,The Dixie Cups,0.354,124.63,0.593,0.0,0.7929999999999999,0
406,Return To Innocence,Enigma,0.584,88.02600000000001,0.47600000000000003,0.0,0.41700000000000004,7
407,Changes - 2015 Remaster,David Bowie,0.308,114.719,0.547,0.0,0.41,3
408,It's Too Late,Carole King,0.441,208.282,0.45,0.00562,0.8109999999999999,2
409,Summer Of '69,Bryan Adams,0.843,139.136,0.507,0.0,0.7040000000000001,2
410,You Keep Me Hangin' On,The Supremes,0.612,127.647,0.682,0.0,0.845,6
411,At Last - Single Version,Etta James,0.326,174.794,0.168,0.0006,0.322,5
412,Wuthering Heights,Kate Bush,0.392,124.572,0.48100000000000004,0.0452,0.52,5
413,Chain Gang,Sam Cooke,0.7240000000000001,131.821,0.703,0.0,0.963,6
414,Da Doo Ron Ron (When He Walked Me Home),The Crystals,0.797,148.835,0.535,3.4200000000000005e-05,0.613,2
415,Hungry Heart,Bruce Springsteen,0.894,109.823,0.6409999999999999,0.009000000000000001,0.972,6
416,Band On The Run - Remastered 2010,Paul McCartney,0.601,124.96600000000001,0.479,0.0014199999999999998,0.669,7
417,Sexual Healing,Marvin Gaye,0.601,94.382,0.805,0.000129,0.746,0
418,Runaround Sue - Remastered 1991,Dion,0.5670000000000001,78.227,0.544,3.85e-06,0.5589999999999999,7
419,Who Do You Love - Single Version,Bo Diddley,0.9109999999999999,112.681,0.644,0.0,0.682,6
420,Satellite of Love,Lou Reed,0.502,121.861,0.45799999999999996,5.51e-06,0.5710000000000001,7
421,I Still Haven't Found What I'm Looking For,U2,0.7859999999999999,100.861,0.565,0.0022600000000000003,0.627,7
422,(Just Like) Starting Over,John Lennon,0.79,99.104,0.701,6.0599999999999996e-05,0.42100000000000004,1
423,Against All Odds (Take a Look at Me Now) - 2016 Remaster,Phil Collins,0.498,116.271,0.58,0.0,0.111,1
424,Moondance - 2013 Remaster,Van Morrison,0.282,67.40899999999999,0.606,8.3e-06,0.563,3
425,"My Favorite Things, Pt. 1 - Single Version",John Coltrane,0.257,164.4,0.29600000000000004,3.7e-05,0.26,5
426,Love Is Strange,Mickey & Sylvia,0.301,121.694,0.57,8.23e-05,0.8079999999999999,0
427,Should I Stay or Should I Go - Remastered,The Clash,0.833,113.375,0.742,0.0,0.816,6
428,"Shake, Rattle and Roll",Big Joe Turner,0.366,155.298,0.601,4.91e-05,0.902,2
429,Alone Again (Naturally),Gilbert O'Sullivan,0.46399999999999997,171.762,0.5579999999999999,0.000133,0.5589999999999999,2
430,Voodoo Child (Slight Return),Jimi Hendrix,0.91,175.56099999999998,0.214,0.00839,0.447,2
431,Strawberry Fields Forever - Remastered,The Beatles,0.502,97.87100000000001,0.39,0.000138,0.289,3
432,Mr. Tambourine Man,The Byrds,0.47,120.336,0.456,3.76e-05,0.639,7
433,Lola - Remastered,The Kinks,0.8390000000000001,151.842,0.46799999999999997,0.461,0.935,4
434,Honesty,Billy Joel,0.265,135.476,0.552,0.0,0.212,5
435,Gimme Shelter,The Rolling Stones,0.616,118.65,0.63,0.0408,0.509,1
436,Redemption Song,Bob Marley & The Wailers,0.256,115.87100000000001,0.6709999999999999,0.0,0.6940000000000001,0
437,Don't Worry Baby,The Beach Boys,0.517,121.164,0.53,0.0,0.8009999999999999,7
438,Everyday - Single Version,Buddy Holly,0.255,135.346,0.731,0.0,0.564,0
439,Where Did Our Love Go - Stereo Version,The Supremes,0.54,134.67600000000002,0.562,3.86e-06,0.7929999999999999,6
440,Don't Dream It's Over,Crowded House,0.752,81.917,0.451,0.000202,0.358,7
441,Another Day in Paradise - 2016 Remaster,Phil Collins,0.565,101.96700000000001,0.78,0.0026899999999999997,0.365,0
442,Never Tear Us Apart,INXS,0.613,96.6,0.664,0.000128,0.193,1
443,Comfortably Numb - 2011 Remastered Version,Pink Floyd,0.366,127.167,0.47200000000000003,0.308,0.171,5
444,What Becomes Of The Brokenhearted,Jimmy Ruffin,0.423,98.62299999999999,0.715,0.0,0.596,0
445,Wichita Lineman - Remastered 2001,Glen Campbell,0.392,172.312,0.192,0.000199,0.391,5
446,Piano Man,Billy Joel,0.47700000000000004,179.239,0.33399999999999996,4.17e-06,0.405,5
447,Back In Black,AC/DC,0.7,188.386,0.31,0.00965,0.763,2
448,96 Tears,? & The Mysterians,0.556,123.62700000000001,0.6559999999999999,1.88e-05,0.833,6
449,"I Don't Want to Miss a Thing - From ""Armageddon"" Soundtrack",Aerosmith,0.662,121.154,0.38299999999999995,0.0,0.138,1
450,Daniel,Elton John,0.47700000000000004,132.071,0.688,4.93e-05,0.897,0
451,Up Where We Belong,Joe Cocker,0.304,139.862,0.631,2.5e-05,0.25,5
452,Jersey Girl,Tom Waits,0.39299999999999996,175.197,0.33399999999999996,0.0996,0.239,5
453,"Get Up, Stand Up - Single Version",Bob Marley & The Wailers,0.6759999999999999,80.328,0.742,0.0,0.882,6
454,Mr. Jones,Counting Crows,0.8140000000000001,141.606,0.58,1.8000000000000001e-06,0.722,6
455,A Change Is Gonna Come,Sam Cooke,0.4,169.683,0.214,0.0,0.508,5
456,Dust in the Wind,Kansas,0.322,93.50299999999999,0.475,0.00056,0.387,3
457,Je t'aime moi non plus,Serge Gainsbourg,0.426,82.881,0.461,0.0008789999999999999,0.5529999999999999,3
458,I Will Survive - Single Version,Gloria Gaynor,0.8290000000000001,115.904,0.773,0.00349,0.63,6
459,Spanish Flea,Herb Alpert & The Tijuana Brass,0.53,81.673,0.8320000000000001,0.956,0.867,4
460,Words,Bee Gees,0.287,81.02600000000001,0.316,4e-06,0.22399999999999998,3
461,Smooth (feat. Rob Thomas),Santana,0.9229999999999999,115.99600000000001,0.609,4.73e-06,0.961,6
462,"Endless Love - From ""The Endless Love"" Soundtrack",Lionel Richie,0.325,93.49,0.43799999999999994,0.00020800000000000001,0.223,3
463,True Colors,Cyndi Lauper,0.207,171.282,0.397,3.07e-05,0.268,5
464,Got My Mind Set On You - Remastered 2004,George Harrison,0.8540000000000001,149.20600000000002,0.767,2.03e-06,0.963,6
465,The Last Time - Remastered 2002,The Rolling Stones,0.9259999999999999,167.435,0.32899999999999996,0.852,0.385,4
466,Forever Young,Alphaville,0.483,136.822,0.489,0.0028,0.33299999999999996,5
467,I Got You (I Feel Good),James Brown & The Famous Flames,0.475,71.82600000000001,0.654,2.96e-06,0.684,0
468,"Ruby, Don't Take Your Love To Town",Kenny Rogers & The First Edition,0.35,108.977,0.667,0.12300000000000001,0.937,0
469,We've Only Just Begun,Carpenters,0.287,86.46700000000001,0.373,9.41e-06,0.317,3
470,Riders on the Storm,The Doors,0.722,103.885,0.5489999999999999,0.0138,0.716,7
471,Wild World,Yusuf / Cat Stevens,0.508,151.86700000000002,0.484,0.000791,0.5539999999999999,5
472,Sweet Emotion,Aerosmith,0.76,99.43700000000001,0.38,0.0294,0.491,7
473,Good Times,CHIC,0.657,110.596,0.87,0.0102,0.893,6
474,Since I Don't Have You,The Skyliners,0.522,142.53799999999998,0.28600000000000003,0.0,0.564,5
475,War Pigs,Black Sabbath,0.612,91.499,0.46399999999999997,0.0055899999999999995,0.496,7
476,Hit the Road Jack,Ray Charles,0.618,172.74099999999999,0.613,0.0,0.94,2
477,Angel Of The Morning,Juice Newton,0.233,75.17399999999999,0.456,6.42e-05,0.424,3
478,These Boots Are Made For Walkin',Nancy Sinatra,0.392,82.742,0.74,1.11e-06,0.387,0
479,Good Golly Miss Molly,Little Richard,0.873,166.18900000000002,0.557,0.00021,0.9670000000000001,2
480,Don't Know Why,Norah Jones,0.198,88.17399999999999,0.732,1.1e-05,0.618,0
481,Anarchy In The UK,Sex Pistols,0.9490000000000001,134.118,0.359,0.000396,0.212,1
482,"Hello, I Love You",The Doors,0.5539999999999999,117.835,0.597,0.0,0.963,6
483,"Oxygene, Pt. 4",Jean-Michel Jarre,0.755,188.929,0.43200000000000005,0.595,0.6559999999999999,4
484,Soul Man,Sam & Dave,0.818,114.949,0.672,4.95e-06,0.727,6
485,Ode To Billie Joe,Bobbie Gentry,0.18899999999999997,120.14200000000001,0.637,0.0,0.695,0
486,Dizzy,Tommy Roe,0.45399999999999996,101.895,0.792,0.0027,0.617,0
487,Cecilia,Simon & Garfunkel,0.8759999999999999,102.762,0.755,5.17e-06,0.9540000000000001,6
488,With A Little Help From My Friends - Remastered,The Beatles,0.515,112.035,0.705,0.0,0.8029999999999999,0
489,Night Fever,Bee Gees,0.795,109.12200000000001,0.733,0.0009480000000000001,0.892,6
490,Maybellene - Single Version,Chuck Berry,0.768,117.51799999999999,0.758,0.0,0.753,6
491,Clair,Gilbert O'Sullivan,0.518,105.635,0.75,0.0,0.612,0
492,Rolling in the Deep,Adele,0.77,104.948,0.73,0.0,0.507,1
493,Kiss,Prince,0.271,111.485,0.898,0.0013800000000000002,0.742,0
494,(Don't Fear) The Reaper,Blue Öyster Cult,0.927,141.466,0.33299999999999996,0.00020800000000000001,0.385,1
495,Beautiful,Christina Aguilera,0.573,76.19,0.456,3.05e-06,0.0992,3
496,Ordinary World,Duran Duran,0.652,140.124,0.47200000000000003,1.12e-05,0.401,1
497,Crocodile Rock,Elton John,0.8,149.91,0.621,1.51e-05,0.968,6
498,Chasing Cars,Snow Patrol,0.595,104.01100000000001,0.56,6.47e-05,0.14400000000000002,1
499,Baba O'Riley,The Who,0.7240000000000001,117.292,0.489,0.185,0.15,1
500,El Condor Pasa (If I Could),Simon & Garfunkel,0.214,147.795,0.33,0.0701,0.275,5
501,Top Of The World,Carpenters,0.34299999999999997,184.301,0.379,0.0,0.6940000000000001,2
502,People Get Ready - Single Version,The Impressions,0.22699999999999998,143.346,0.423,0.000242,0.37,5
503,Where Have All the Flowers Gone?,Pete Seeger,0.188,134.36700000000002,0.38799999999999996,0.0425,0.452,5
504,Help! - Remastered,The Beatles,0.725,95.00299999999999,0.534,0.0,0.763,7
505,Leaving on a Jet Plane,John Denver,0.27899999999999997,132.939,0.486,0.0,0.469,5
506,Green Onions,Booker T. & the M.G.'s,0.514,136.83700000000002,0.816,0.9490000000000001,0.912,4
507,Nights In White Satin - Single Version,The Moody Blues,0.34600000000000003,79.02600000000001,0.21,0.336,0.22,3
508,If You Don't Know Me by Now (feat. Teddy Pendergrass),Harold Melvin & The Blue Notes,0.371,93.681,0.467,6.670000000000001e-05,0.478,3
509,I Started A Joke,Bee Gees,0.46399999999999997,144.775,0.31,8.94e-06,0.431,5
510,Pride (In The Name Of Love) - Remastered 2009,U2,0.843,105.70100000000001,0.45799999999999996,0.000296,0.713,7
511,California Girls - Remix/Remastered,The Beach Boys,0.802,115.46,0.45899999999999996,1.07e-06,0.843,7
512,Changes,Black Sabbath,0.23800000000000002,81.264,0.289,2.7300000000000003e-05,0.187,3
513,Paper Planes,M.I.A.,0.848,172.247,0.447,7.45e-05,0.485,2
514,Blinded by the Light - Single Edit,Manfred Mann's Earth Band,0.56,140.511,0.593,0.0036899999999999997,0.5770000000000001,1
515,Long Tall Sally,Little Richard,0.635,183.665,0.415,0.0,0.8420000000000001,2
516,Get It On,T. Rex,0.878,126.59,0.728,0.856,0.9109999999999999,4
517,"I Can't Help Myself (Sugar Pie, Honey Bunch) - Single Version (Mono)",Four Tops,0.784,127.916,0.682,0.0,0.9690000000000001,6
518,Hard to Say I'm Sorry / Get Away - 2006 Remaster,Chicago,0.57,140.974,0.39799999999999996,0.00125,0.23399999999999999,5
519,Here I Go Again,Whitesnake,0.877,92.975,0.484,0.00016999999999999999,0.687,7
520,We Shall Overcome - Live,Joan Baez,0.188,96.83200000000001,0.348,0.00314,0.174,3
521,Lucy In The Sky With Diamonds - Remastered,The Beatles,0.325,65.09,0.311,0.0,0.6679999999999999,3
522,With Arms Wide Open,Creed,0.6829999999999999,140.266,0.32299999999999995,0.0,0.19,5
523,Angie - Remastered 2009,The Rolling Stones,0.5539999999999999,136.30200000000002,0.429,0.000152,0.40700000000000003,5
524,Leader Of The Pack,The Shangri-Las,0.557,116.512,0.42100000000000004,0.0,0.344,1
525,The Letter,The Box Tops,0.428,139.434,0.638,0.0,0.9009999999999999,0
526,Summertime,Billie Holiday,0.22,99.652,0.623,2.2e-06,0.655,0
527,All the Young Dudes,Mott The Hoople,0.493,77.55,0.239,1.14e-06,0.457,3
528,I Want To Hold Your Hand - Remastered,The Beatles,0.703,130.915,0.496,2.08e-06,0.9359999999999999,6
529,Change the World,Eric Clapton,0.5579999999999999,96.887,0.721,0.00563,0.542,0
530,(They Long To Be) Close To You,Carpenters,0.233,89.044,0.528,0.00010800000000000001,0.20800000000000002,3
531,Losing My Religion,R.E.M.,0.852,125.632,0.664,0.0,0.807,6
532,Brown Eyed Girl,Van Morrison,0.583,150.572,0.491,0.0,0.907,2
533,A Hard Day's Night - Remastered,The Beatles,0.805,138.514,0.59,0.0,0.797,6
534,For Once In My Life,Stevie Wonder,0.588,109.39399999999999,0.597,0.0,0.831,6
535,Do They Know It's Christmas? - 1984 Version,Band Aid,0.642,115.412,0.599,3.3299999999999996e-05,0.349,1
536,"Reach Out, I'll Be There",Four Tops,0.79,119.566,0.622,0.0,0.73,6
537,Do You Want To Dance,Bobby Freeman,0.43799999999999994,155.537,0.625,3.7e-05,0.9570000000000001,2
538,"Stayin' Alive - From ""Saturday Night Fever"" Soundtrack",Bee Gees,0.826,103.564,0.703,0.00629,0.945,6
539,London Calling - Remastered,The Clash,0.8009999999999999,133.763,0.6509999999999999,0.0,0.7759999999999999,6
540,White Room,Cream,0.5760000000000001,109.833,0.555,0.0045899999999999995,0.495,1
541,Keep A Knockin,Little Richard,0.9259999999999999,170.467,0.335,3.13e-06,0.948,2
542,S.O.S.,ABBA,0.723,125.102,0.41700000000000004,0.000942,0.473,1
543,Instant Karma! (We All Shine On) - Remastered 2010,John Lennon,0.9329999999999999,119.93299999999999,0.625,0.00149,0.145,1
544,Centerfold,The J. Geils Band,0.677,114.37,0.653,0.0,0.888,6
545,Girls Just Want to Have Fun,Cyndi Lauper,0.7879999999999999,120.465,0.7070000000000001,0.000571,0.746,6
546,I Was Made For Lovin' You,KISS,0.852,128.374,0.768,7.45e-05,0.867,6
547,Everyday People,Sly & The Family Stone,0.49700000000000005,114.523,0.807,0.0323,0.765,0
548,Invisible Touch - Remastered 2007,Genesis,0.94,131.037,0.623,0.0018399999999999998,0.8370000000000001,6
549,The Fish Cheer & I-Feel-Like-I’m-Fixin’-To-Die Rag,Country Joe & The Fish,0.46,110.639,0.623,1.56e-05,0.736,0
550,Then He Kissed Me,The Crystals,0.682,135.917,0.44,3.3299999999999996e-05,0.626,2
551,You Shook Me All Night Long,AC/DC,0.767,127.361,0.532,0.000513,0.755,6
552,Honky Tonk Women,The Rolling Stones,0.789,119.62799999999999,0.562,0.0253,0.966,6
553,"Whatever Will Be, Will Be (Que Sera, Sera) (with Frank DeVol & His Orchestra) - Single Version",Doris Day,0.33799999999999997,175.575,0.4,0.0,0.72,2
554,On the Road Again - Live,Willie Nelson,0.715,111.036,0.7140000000000001,0.0056700000000000006,0.841,6
555,Mack the Knife,Bobby Darin,0.529,82.755,0.5489999999999999,0.0,0.46399999999999997,3
556,The Living Years,Mike & The Mechanics,0.429,97.89299999999999,0.527,0.0,0.27699999999999997,3
557,Friday On My Mind,The Easybeats,0.991,95.105,0.374,0.000719,0.51,7
558,Somewhere Only We Know,Keane,0.665,172.00400000000002,0.44799999999999995,2.55e-05,0.304,5
559,We Will Rock You - Remastered,Queen,0.49700000000000005,81.308,0.6920000000000001,0.0,0.475,0
560,That's the Way (I Like It) - Edit,KC & The Sunshine Band,0.9,108.698,0.6559999999999999,0.0014199999999999998,0.9470000000000001,6
561,Money - 2011 Remastered Version,Pink Floyd,0.537,124.193,0.469,0.00201,0.7829999999999999,7
562,Crimson & Clover,Tommy James & The Shondells,0.6920000000000001,82.499,0.408,0.0255,0.684,7
563,Crying,Roy Orbison,0.293,96.685,0.35,8.21e-06,0.162,3
564,Love Will Tear Us Apart,Joy Division,0.956,146.754,0.44299999999999995,0.825,0.909,4
565,No One Knows,Queens of the Stone Age,0.584,170.41099999999997,0.509,9.96e-05,0.685,2
566,While My Guitar Gently Weeps - Remastered,The Beatles,0.654,115.0,0.45299999999999996,0.00395,0.7020000000000001,7
567,Beautiful Day,U2,0.9279999999999999,136.25799999999998,0.536,0.00134,0.389,1
568,Everybody Needs Somebody to Love,Solomon Burke,0.5429999999999999,75.51899999999999,0.629,0.0,0.858,0
569,Sloop John B - Remastered,The Beach Boys,0.745,125.575,0.5670000000000001,0.0,0.903,6
570,Guantanamera,The Sandpipers,0.257,205.852,0.318,0.00295,0.647,5
571,"Show Me Heaven - From ""Days Of Thunder"" Soundtrack",Maria McKee,0.495,155.884,0.522,0.000176,0.513,5
572,Rave On,Buddy Holly,0.706,159.525,0.547,1.26e-06,0.963,2
573,Jambalaya (On The Bayou) - Single Version,Hank Williams,0.192,162.946,0.517,3.01e-06,0.894,2
574,"Yeh, Yeh",Georgie Fame & The Blue Flames,0.5429999999999999,88.58200000000001,0.618,0.0,0.649,0
575,(Everything I Do) I Do It For You,Bryan Adams,0.363,131.224,0.52,1.13e-05,0.273,5
576,Rhinestone Cowboy,Glen Campbell,0.43700000000000006,114.973,0.687,8.18e-05,0.74,0
577,I Love Rock 'N Roll,Joan Jett & The Blackhearts,0.716,94.37899999999999,0.535,0.0,0.9009999999999999,7
578,Joy To The World,Three Dog Night,0.782,129.1,0.6729999999999999,6.19e-05,0.975,6
579,Need You Tonight,INXS,0.61,108.698,0.7929999999999999,0.48700000000000004,0.7809999999999999,4
580,Magic,Pilot,0.588,203.145,0.39299999999999996,0.0,0.728,2
581,Dream On,Aerosmith,0.433,160.9,0.307,9.08e-05,0.22399999999999998,5
582,Killing In The Name,Rage Against The Machine,0.833,88.785,0.466,0.0,0.6609999999999999,7
583,Good Lovin' - Single Version,The Young Rascals,0.507,196.49400000000003,0.252,0.00057,0.816,2
584,Cupid,Sam Cooke,0.433,120.471,0.485,0.0,0.825,7
585,If You Wanna Be Happy,Jimmy Soul,0.875,93.242,0.639,1.18e-05,0.873,6
586,You Sexy Thing,Hot Chocolate,0.7340000000000001,105.854,0.7909999999999999,0.00165,0.9620000000000001,6
587,Holding Back the Years - 2008 Remaster,Simply Red,0.514,86.035,0.7070000000000001,0.00015900000000000002,0.524,0
588,Hero,Mariah Carey,0.37799999999999995,119.98700000000001,0.501,0.0,0.17800000000000002,5
589,Yellow,Coldplay,0.6609999999999999,173.372,0.429,0.000121,0.285,5
590,Dancing In The Moonlight,King Harvest,0.7190000000000001,136.153,0.653,0.0,0.682,6
591,Money For Nothing,Dire Straits,0.667,134.219,0.6659999999999999,0.0005,0.679,6
592,I Only Have Eyes for You,The Flamingos,0.313,88.554,0.552,0.0017,0.303,3
593,Sunny Afternoon - Mono Mix,The Kinks,0.535,124.22399999999999,0.564,0.0,0.46299999999999997,1
594,Sound and Vision - 1999 Remaster,David Bowie,0.732,106.213,0.657,0.41200000000000003,0.835,4
595,Can't Take My Eyes off You,Frankie Valli,0.764,123.821,0.575,1.07e-05,0.536,1
596,Kiss from a Rose,Seal,0.532,131.741,0.583,0.0,0.223,1
597,Chariots Of Fire,Vangelis,0.27699999999999997,135.925,0.446,0.7859999999999999,0.0706,4
598,September,"Earth, Wind & Fire",0.8320000000000001,125.926,0.6970000000000001,0.00131,0.9790000000000001,6
599,Sailing,Rod Stewart,0.374,128.56,0.43,0.379,0.191,5
600,Wonderful Life,Black,0.521,106.055,0.72,0.36,0.823,0
601,Amazing Grace,Judy Collins,0.263,87.74700000000001,0.192,0.0,0.196,3
602,Come As You Are,Nirvana,0.8240000000000001,120.125,0.5,0.00161,0.539,1
603,Hello,Lionel Richie,0.222,61.648,0.424,0.0,0.0606,3
604,Wish You Were Here - 2011 Remastered Version,Pink Floyd,0.262,122.883,0.48100000000000004,0.0114,0.375,5
605,Carry on Wayward Son,Kansas,0.7859999999999999,126.755,0.48200000000000004,8.88e-05,0.7929999999999999,7
606,Un-Break My Heart,Toni Braxton,0.426,110.01799999999999,0.625,0.0,0.11199999999999999,3
607,Midnight Train to Georgia,Gladys Knight & The Pips,0.47700000000000004,89.72399999999999,0.579,0.0,0.537,0
608,Speed of Sound,Coldplay,0.898,123.06700000000001,0.514,0.0345,0.353,1
609,Baby Can I Hold You,Tracy Chapman,0.42200000000000004,74.375,0.6920000000000001,0.0,0.46799999999999997,0
610,It Never Rains in Southern California,Albert Hammond,0.565,116.61,0.626,0.0,0.924,6
611,Shakin' All Over - 2004 Remaster,Johnny Kidd & The Pirates,0.672,125.227,0.772,1.22e-05,0.6940000000000001,6
612,Watching The Detectives - Single Version,Elvis Costello,0.358,133.46200000000002,0.795,1.85e-05,0.8,0
613,Can't Buy Me Love - Remastered,The Beatles,0.677,170.72,0.483,0.0,0.8420000000000001,2
614,The Way It Is,Bruce Hornsby and the Range,0.8140000000000001,111.04,0.574,0.0546,0.495,1
615,Stressed Out,Twenty One Pilots,0.637,169.977,0.7340000000000001,2.2899999999999998e-05,0.648,2
616,Love is Blue,Paul Mauriat,0.499,104.361,0.48200000000000004,0.899,0.281,4
617,My Sharona,The Knack,0.7,147.245,0.586,0.00125,0.897,2
618,Wonderwall,Oasis,0.852,174.31900000000002,0.40399999999999997,0.0,0.48200000000000004,2
619,Mad World,Tears For Fears,0.902,118.721,0.6459999999999999,0.0285,0.9359999999999999,6
620,Streets of London,Ralph McTell,0.295,155.531,0.396,7.6e-05,0.187,5
621,How You Remind Me,Nickelback,0.764,172.09400000000002,0.446,0.0,0.5429999999999999,2
622,The Boxer,Simon & Garfunkel,0.488,93.01700000000001,0.439,0.000339,0.629,7
623,Bring Me To Life,Evanescence,0.946,189.892,0.312,2.93e-06,0.297,2
624,Stuck In The Middle With You,Stealers Wheel,0.74,124.463,0.7490000000000001,0.0005690000000000001,0.9620000000000001,6
625,Let's Dance - 2002 Remaster,David Bowie,0.6409999999999999,114.696,0.654,0.00321,0.794,6
626,White Wedding - Pt. 1 / Remastered 2002,Billy Idol,0.767,147.347,0.6559999999999999,0.00165,0.747,6
627,Angels,Robbie Williams,0.594,150.22,0.429,4.95e-06,0.23600000000000002,5
628,At The Hop,Danny & The Juniors,0.8640000000000001,194.875,0.405,2.12e-05,0.888,2
629,Nothing Else Matters,Metallica,0.36200000000000004,142.352,0.5529999999999999,6.01e-06,0.158,5
630,Owner of a Lonely Heart,Yes,0.7979999999999999,125.061,0.7440000000000001,0.00367,0.89,6
631,Dreamer - Remastered,Supertramp,0.423,147.815,0.664,0.0202,0.816,0
632,Because the Night,Patti Smith,0.763,123.539,0.466,0.0,0.473,1
633,Wild Horses,The Rolling Stones,0.389,139.506,0.43200000000000005,0.0107,0.158,5
634,Don't Forget To Remember,Bee Gees,0.452,82.807,0.387,1.38e-06,0.466,3
635,By The Time I Get To Phoenix - Remastered 2001,Glen Campbell,0.336,176.66,0.218,1.61e-06,0.23199999999999998,5
636,7 Seconds,Youssou N'Dour,0.7020000000000001,154.19799999999998,0.68,1.79e-06,0.509,1
637,If I Had a Hammer,Trini Lopez,0.9329999999999999,85.505,0.46799999999999997,0.0,0.867,7
638,Free Bird,Lynyrd Skynyrd,0.852,117.41799999999999,0.27899999999999997,0.076,0.43799999999999994,7
639,Uptown Girl,Billy Joel,0.943,128.99200000000002,0.701,0.0,0.7909999999999999,6
640,The Scientist,Coldplay,0.442,146.27700000000002,0.557,1.4599999999999999e-05,0.213,5
641,I Want You Back,The Jackson 5,0.5920000000000001,98.20100000000001,0.672,0.0039299999999999995,0.927,6
642,Speedy Gonzales,Pat Boone,0.447,146.845,0.589,0.0,0.789,2
643,One Day I'll Fly Away,Randy Crawford,0.358,77.78399999999999,0.489,0.018000000000000002,0.42200000000000004,3
644,I Try,Macy Gray,0.642,76.403,0.593,0.000582,0.736,7
645,Higher Love - Full Album Version,Steve Winwood,0.78,98.699,0.696,0.149,0.9540000000000001,6
646,(You Make Me Feel Like) A Natural Woman,Aretha Franklin,0.32299999999999995,110.962,0.65,0.0,0.276,3
647,Ticket To Ride - Remastered,The Beatles,0.85,123.419,0.519,0.0,0.7490000000000001,6
648,Eye In The Sky,The Alan Parsons Project,0.41700000000000004,111.928,0.823,0.00098,0.522,0
649,Price Tag,Jessie J,0.831,175.015,0.636,3.85e-06,0.6679999999999999,2
650,Red Red Wine,UB40,0.46799999999999997,89.119,0.857,1.32e-05,0.843,0
651,Drops of Jupiter (Tell Me),Train,0.64,79.297,0.46799999999999997,0.0,0.499,7
652,Common People,Pulp,0.8390000000000001,144.938,0.319,7.99e-05,0.5379999999999999,2
653,99 Luftballons,Nena,0.43799999999999994,193.1,0.466,5.62e-06,0.5870000000000001,2
654,Orinoco Flow - 2009 Remaster,Enya,0.466,114.999,0.6920000000000001,0.109,0.561,0
655,It's a Heartache,Bonnie Tyler,0.7070000000000001,118.875,0.54,1.24e-06,0.494,1
656,Once in a Lifetime - 2005 Remaster,Talking Heads,0.919,117.459,0.644,0.134,0.871,6
657,Ironic - 2015 Remaster,Alanis Morissette,0.5820000000000001,114.926,0.408,0.0,0.365,1
658,Learning To Fly - 2011 Remastered Version,Pink Floyd,0.56,166.585,0.441,0.0296,0.47600000000000003,5
659,Heartbreaker,Dionne Warwick,0.514,100.771,0.6709999999999999,1.53e-05,0.8029999999999999,0
660,Good Year For The Roses,Elvis Costello & The Attractions,0.395,97.272,0.507,0.0006190000000000001,0.457,3
661,Iris,The Goo Goo Dolls,0.79,155.667,0.29100000000000004,5.61e-06,0.513,2
662,Blitzkrieg Bop - 2016 Remaster,Ramones,0.7829999999999999,176.701,0.385,0.47,0.902,4
663,Save Tonight,Eagle-Eye Cherry,0.742,119.49600000000001,0.5479999999999999,3.97e-05,0.583,1
664,Uprising,Muse,0.905,128.019,0.602,0.064,0.41100000000000003,1
665,Ziggy Stardust - 2012 Remaster,David Bowie,0.565,161.124,0.44,0.0,0.495,5
666,Perfect Duet (Ed Sheeran & Beyoncé),Ed Sheeran,0.299,94.992,0.5870000000000001,0.0,0.35600000000000004,3
667,Sunshine Superman,Donovan,0.677,132.783,0.629,9.72e-06,0.627,1
668,The Message - Extended Version,Grandmaster Flash & The Furious Five,0.626,100.6,0.9470000000000001,3.37e-06,0.7240000000000001,0
669,Sledgehammer,Peter Gabriel,0.685,96.458,0.657,0.0,0.424,1
670,Don't Leave Me This Way,Thelma Houston,0.8390000000000001,121.819,0.5529999999999999,5.9999999999999995e-05,0.6729999999999999,6
671,Porcelain,Moby,0.613,94.925,0.515,0.20199999999999999,0.35700000000000004,1
672,We'll Meet Again,Vera Lynn,0.17800000000000002,91.243,0.36200000000000004,0.0,0.248,3
673,Call Me,Blondie,0.628,142.167,0.551,0.000194,0.777,2
674,What's Love Got to Do with It,Tina Turner,0.406,97.84,0.851,6.41e-06,0.792,0
675,Bad Day,Daniel Powter,0.785,140.046,0.599,0.00336,0.52,1
676,Don't Let Me Be Misunderstood,The Animals,0.568,112.584,0.546,0.0,0.488,1
677,Me and Mrs. Jones,Billy Paul,0.555,67.322,0.303,1.16e-06,0.447,3
678,To Be With You,Mr. Big,0.39,83.648,0.695,0.0,0.467,0
679,Are You Gonna Go My Way,Lenny Kravitz,0.67,129.269,0.619,0.0109,0.777,6
680,Livin' On A Prayer,Bon Jovi,0.687,122.666,0.5589999999999999,3.59e-05,0.8540000000000001,6
681,Fever,Peggy Lee,0.0899,137.47299999999998,0.742,0.0,0.35100000000000003,0
682,Free Fallin',Tom Petty,0.435,84.382,0.617,0.0,0.601,0
683,Happy Xmas (War Is Over) - Remastered 2010,John Lennon,0.607,146.537,0.32799999999999996,0.0,0.395,5
684,Rockin' in the Free World,Neil Young,0.883,131.75,0.491,3.19e-05,0.518,1
685,"Equinoxe, Pt. 5",Jean-Michel Jarre,0.8420000000000001,162.356,0.536,0.935,0.779,4
686,Eye of the Tiger,Survivor,0.43799999999999994,108.965,0.815,0.000466,0.552,0
687,Man On The Moon,R.E.M.,0.695,118.581,0.664,0.000584,0.643,6
688,Nobody Does It Better,Carly Simon,0.40299999999999997,135.384,0.368,7.66e-06,0.33799999999999997,5
689,Like a Prayer,Madonna,0.629,111.926,0.66,7.3e-05,0.324,1
690,"My Heart Will Go On (Love Theme from ""Titanic"")",Céline Dion,0.364,98.98100000000001,0.433,3.75e-06,0.0385,3
691,Woman in Love,Barbra Streisand,0.278,169.735,0.469,0.000126,0.331,5
692,Oh! Carol,Neil Sedaka,0.618,132.685,0.579,1e-05,0.816,6
693,Believe,Cher,0.917,132.975,0.652,0.0,0.45899999999999996,1
694,Rehab,Amy Winehouse,0.872,71.515,0.434,1.83e-06,0.732,7
695,Looks Like We Made It,Barry Manilow,0.426,68.66199999999999,0.353,0.00274,0.49200000000000005,3
696,Poker Face,Lady Gaga,0.8059999999999999,118.999,0.851,1.64e-06,0.787,6
697,Autobahn - Single Edit,Kraftwerk,0.502,168.00400000000002,0.35200000000000004,0.882,0.188,4
698,Counting Stars,OneRepublic,0.705,122.016,0.664,0.0,0.47700000000000004,1
699,The Winner Takes It All,ABBA,0.794,126.95100000000001,0.45799999999999996,0.00105,0.505,1
700,Barbara Ann - Remastered,The Beach Boys,0.662,78.732,0.579,0.0,0.9209999999999999,7
701,Boogie Wonderland,"Earth, Wind & Fire",0.7559999999999999,131.715,0.802,0.00765,0.963,6
702,You Get What You Give,New Radicals,0.9009999999999999,113.96700000000001,0.621,0.0,0.7440000000000001,6
703,Fade To Grey,Visage,0.423,112.344,0.604,0.0328,0.47200000000000003,0
704,Lady,Kenny Rogers,0.263,135.36,0.35700000000000004,0.000171,0.26,5
705,I Swear,All-4-One,0.40700000000000003,83.20700000000001,0.532,0.0,0.23,3
706,We Are Family,Sister Sledge,0.893,118.738,0.784,1.57e-05,0.8190000000000001,6
707,Diana,Paul Anka,0.32899999999999996,142.42700000000002,0.557,0.0,0.9420000000000001,0
708,Human,Rag'n'Bone Man,0.7070000000000001,75.09,0.602,0.0,0.5539999999999999,7
709,Tangled up in Blue,Bob Dylan,0.6609999999999999,100.965,0.42100000000000004,1.16e-06,0.5539999999999999,7
710,Bette Davis Eyes,Kim Carnes,0.649,116.624,0.675,0.0,0.596,6
711,Walking in Memphis - Remastered,Marc Cohn,0.483,130.43,0.565,0.0,0.3,1
712,Three Times A Lady - Single Version,Commodores,0.0989,153.607,0.35,0.0027,0.19399999999999998,5
713,Greatest Love of All,Whitney Houston,0.305,131.24200000000002,0.502,3.55e-06,0.248,5
714,Rock & Roll Part 2,Gary Glitter,0.314,129.124,0.71,0.785,0.401,4
715,Clocks,Coldplay,0.7490000000000001,130.97,0.5770000000000001,0.0115,0.255,1
716,Human,The Killers,0.8370000000000001,135.47,0.547,0.000624,0.568,1
717,Walking On Sunshine,Katrina & The Waves,0.8690000000000001,109.902,0.596,0.17300000000000001,0.9440000000000001,6
718,Ça Plane Pour Moi,Plastic Bertrand,0.7879999999999999,165.877,0.489,7.979999999999999e-05,0.88,2
719,She Drives Me Crazy,Fine Young Cannibals,0.687,108.804,0.799,0.000188,0.965,6
720,Just Can't Get Enough,Depeche Mode,0.772,128.166,0.7659999999999999,0.0584,0.92,6
721,Da Ya Think I'm Sexy?,Rod Stewart,0.6890000000000001,111.50399999999999,0.715,0.000192,0.852,6
722,Heartbreak Hotel,Elvis Presley,0.21,93.54299999999999,0.696,1.62e-06,0.7170000000000001,0
723,White Lines (Don't Do It),Grandmaster Flash,0.522,115.26700000000001,0.8440000000000001,3.24e-05,0.7709999999999999,0
724,Sunday Bloody Sunday - Remastered 2008,U2,0.9440000000000001,101.17399999999999,0.5429999999999999,0.0005639999999999999,0.735,7
725,"Lose Yourself - From ""8 Mile"" Soundtrack",Eminem,0.728,171.388,0.701,0.00115,0.0591,1
726,"Hold On, I'm Comin'",Sam & Dave,0.33799999999999997,106.84100000000001,0.8029999999999999,0.038,0.912,0
727,Alone,Heart,0.452,175.088,0.418,0.00026000000000000003,0.168,5
728,Brand New Key,Melanie,0.191,84.33,0.7020000000000001,0.00027,0.8390000000000001,0
729,Keep Your Hands to Yourself,The Georgia Satellites,0.882,114.88,0.57,0.000178,0.8440000000000001,6
730,"It Must Have Been Love - From the Film ""Pretty Woman""",Roxette,0.652,80.609,0.52,5.489999999999999e-05,0.722,7
731,You Light Up My Life,Debby Boone,0.282,77.47,0.322,1.04e-05,0.0785,3
732,Everybody Hurts,R.E.M.,0.324,94.301,0.467,0.0248,0.166,3
733,Don't Bring Me Down,Electric Light Orchestra,0.867,115.69200000000001,0.638,0.000733,0.805,6
734,I'll Make Love To You,Boyz II Men,0.516,142.592,0.57,0.0,0.217,1
735,The River,Bruce Springsteen,0.536,117.49799999999999,0.5870000000000001,2.75e-05,0.59,1
736,School's Out,Alice Cooper,0.662,134.85399999999998,0.28600000000000003,0.138,0.35,5
737,I Just Called To Say I Love You,Stevie Wonder,0.55,113.545,0.746,1.95e-06,0.632,0
738,Knock on Wood,Eddie Floyd,0.34600000000000003,105.164,0.8640000000000001,0.00521,0.9640000000000001,0
739,In My Place,Coldplay,0.588,144.636,0.424,4.95e-06,0.193,5
740,Livin' Thing,Electric Light Orchestra,0.6509999999999999,122.818,0.5489999999999999,0.0,0.368,1
741,Keep on Loving You,REO Speedwagon,0.722,174.732,0.306,0.0,0.41,2
742,Kashmir - 1990 Remaster,Led Zeppelin,0.536,80.617,0.48,4.22e-05,0.581,7
743,Give A Little Bit,Supertramp,0.8220000000000001,91.353,0.5329999999999999,0.00795,0.46299999999999997,7
744,Kids In America,Kim Wilde,0.782,159.621,0.557,6.75e-06,0.305,1
745,Could You Be Loved,Bob Marley & The Wailers,0.72,103.31200000000001,0.9159999999999999,0.00016,0.76,6
746,Into the Mystic - 2013 Remaster,Van Morrison,0.524,86.204,0.608,0.0025399999999999997,0.797,0
747,"That's What Friends Are For (with Elton John, Gladys Knight & Stevie Wonder)",Dionne Warwick,0.47100000000000003,120.10799999999999,0.6759999999999999,0.0,0.14300000000000002,1
748,Two Princes,Spin Doctors,0.912,103.73100000000001,0.5429999999999999,2.1000000000000002e-06,0.836,6
749,Not Fade Away,Buddy Holly,0.5660000000000001,96.51799999999999,0.772,0.0,0.94,0
750,Gangsta's Paradise,Coolio,0.514,79.97399999999999,0.647,0.0,0.387,3
751,I'm Gonna Be (500 Miles),The Proclaimers,0.551,131.922,0.851,0.0,0.807,0
752,Candle In The Wind - Remastered 2014,Elton John,0.532,124.53,0.601,2.65e-05,0.529,1
753,Arthur's Theme (Best That You Can Do),Christopher Cross,0.515,136.543,0.526,0.000816,0.518,1
754,You Can Leave Your Hat On,Joe Cocker,0.535,173.8,0.65,0.0,0.9,2
755,Dancing In the Dark,Bruce Springsteen,0.9420000000000001,148.72299999999998,0.527,0.0,0.495,1
756,Sabotage,Beastie Boys,0.938,168.13099999999997,0.324,0.0321,0.5429999999999999,2
757,The Unforgiven,Metallica,0.584,139.261,0.54,0.00296,0.244,1
758,How to Save a Life,The Fray,0.743,122.035,0.64,0.0,0.361,1
759,Bobby Brown Goes Down,Frank Zappa,0.5529999999999999,136.52,0.59,0.0,0.7879999999999999,6
760,Killing Me Softly with His Song,Roberta Flack,0.381,121.568,0.47700000000000004,0.0,0.32899999999999996,5
761,Glad All Over,The Dave Clark Five,0.879,137.826,0.465,0.0,0.8909999999999999,2
762,Breaking Up Is Hard to Do,Neil Sedaka,0.6629999999999999,116.603,0.742,0.0,0.9670000000000001,6
763,Stop! In The Name Of Love,The Supremes,0.5920000000000001,114.99,0.629,0.0,0.491,1
764,"Can't Get Enough Of Your Love, Babe",Barry White,0.777,111.833,0.735,0.0611,0.7709999999999999,6
765,Here Without You,3 Doors Down,0.5429999999999999,144.001,0.551,0.0,0.213,1
766,I'm Like A Bird,Nelly Furtado,0.608,89.661,0.622,5.38e-06,0.607,7
767,Do You Know the Way to San Jose,Dionne Warwick,0.657,157.269,0.6579999999999999,9.5e-06,0.888,2
768,I Can Help,Billy Swan,0.6809999999999999,125.204,0.469,0.0109,0.526,1
769,Moonlight Shadow - Remastered,Mike Oldfield,0.7020000000000001,128.38,0.622,1.27e-06,0.826,6
770,I Don't Like Mondays,The Boomtown Rats,0.46,143.60299999999998,0.46399999999999997,0.0,0.47600000000000003,5
771,Down Under,Men At Work,0.45899999999999996,107.115,0.7390000000000001,0.0194,0.892,0
772,Ruby,Kaiser Chiefs,0.9390000000000001,93.416,0.451,4.85e-06,0.44799999999999995,7
773,One Of Us,Joan Osborne,0.49700000000000005,87.541,0.484,7.97e-06,0.384,3
774,Mmm Mmm Mmm Mmm,Crash Test Dummies,0.575,92.934,0.58,1.83e-05,0.37,1
775,No One,Alicia Keys,0.552,89.969,0.649,6.47e-06,0.158,1
776,Only You,Yazoo,0.307,106.15799999999999,0.752,0.000135,0.8540000000000001,0
777,Rosanna,TOTO,0.513,80.64699999999999,0.365,0.000147,0.7390000000000001,7
778,I Saw Her Standing There - Remastered,The Beatles,0.8009999999999999,160.109,0.491,0.0,0.971,2
779,Almaz,Randy Crawford,0.16399999999999998,139.007,0.306,7.68e-06,0.27699999999999997,5
780,Apologize,Timbaland,0.604,118.016,0.653,0.0,0.10099999999999999,1
781,Beds Are Burning - Remastered,Midnight Oil,0.42700000000000005,119.18,0.753,0.00065,0.295,0
782,You'll Never Walk Alone - Mono; 2002 Remaster,Gerry & The Pacemakers,0.265,113.564,0.484,0.0,0.285,3
783,In Dreams,Roy Orbison,0.435,108.189,0.495,0.00037999999999999997,0.71,7
784,Little Red Corvette,Prince,0.746,123.14399999999999,0.748,3.3100000000000005e-05,0.7090000000000001,6
785,The Reason,Hoobastank,0.659,82.95700000000001,0.474,0.0,0.075,3
786,"Shout, Pts. 1 & 2",The Isley Brothers,0.831,137.355,0.467,0.0,0.547,1
787,Blue Moon,The Marcels,0.43200000000000005,127.69,0.624,0.0,0.935,0
788,Play That Funky Music,Wild Cherry,0.672,109.39399999999999,0.8140000000000001,0.0,0.9329999999999999,6
789,Empire State Of Mind,JAY-Z,0.956,173.585,0.491,0.0,0.8109999999999999,2
790,You're Beautiful,James Blunt,0.479,81.99799999999999,0.675,1.76e-05,0.45399999999999996,0
791,Listen To Your Heart,Roxette,0.583,86.06299999999999,0.539,0.0,0.337,3
792,Pumped Up Kicks,Foster The People,0.71,127.975,0.733,0.115,0.965,6
793,I Write The Songs,Barry Manilow,0.381,148.649,0.397,0.0,0.423,5
794,Wherever You Will Go,The Calling,0.7190000000000001,112.027,0.5579999999999999,0.0,0.371,1
795,What's Up?,4 Non Blondes,0.57,134.537,0.5660000000000001,0.0,0.491,1
796,Video Killed The Radio Star,The Buggles,0.6779999999999999,131.165,0.68,0.00828,0.251,1
797,Wicked Game - Remastered,Chris Isaak,0.5529999999999999,112.52,0.664,0.00978,0.287,1
798,Apache,The Shadows,0.451,133.673,0.595,0.929,0.779,4
799,I'll Never Fall in Love Again,Dionne Warwick,0.33899999999999997,136.882,0.6759999999999999,9.77e-06,0.7559999999999999,0
800,Roxanne - Remastered 2003,The Police,0.748,134.001,0.618,4.1e-06,0.662,6
801,"Walk, Don't Run",The Ventures,0.88,155.968,0.423,0.0291,0.96,2
802,Lust For Life,Iggy Pop,0.973,104.225,0.389,5.12e-06,0.669,7
803,Yesterday Once More,Carpenters,0.38,168.49599999999998,0.254,0.0,0.408,5
804,One Way Or Another - Remastered,Blondie,0.914,162.487,0.45,1.42e-05,0.904,2
805,Maybe I’m Amazed - Remastered 2011,Paul McCartney,0.494,79.255,0.47100000000000003,0.0944,0.373,3
806,Eternal Flame,The Bangles,0.233,78.92699999999999,0.521,0.0,0.409,3
807,What You Won't Do for Love,Bobby Caldwell,0.397,84.064,0.642,0.000834,0.7979999999999999,0
808,Somethin' Stupid,Frank Sinatra,0.33799999999999997,207.356,0.257,0.0,0.544,5
809,I Feel for You,Chaka Khan,0.912,124.916,0.698,0.0222,0.797,6
810,Something To Talk About,Bonnie Raitt,0.64,102.633,0.795,2.13e-06,0.9540000000000001,6
811,The Air That I Breathe - 2008 Remaster,The Hollies,0.473,167.792,0.27899999999999997,0.00164,0.24600000000000002,5
812,Sheena Is a Punk Rocker - 2017 Remaster,Ramones,0.965,176.243,0.42,0.000335,0.846,2
813,Streets of Philadelphia - Single Edit,Bruce Springsteen,0.249,93.667,0.7240000000000001,0.11,0.444,0
814,Luka,Suzanne Vega,0.7809999999999999,124.939,0.637,0.00011499999999999999,0.789,6
815,All I Wanna Do,Sheryl Crow,0.528,120.09100000000001,0.82,0.0186,0.9309999999999999,0
816,The Sign,Ace of Base,0.7859999999999999,96.98700000000001,0.8079999999999999,0.0701,0.899,6
817,Feeling Good,Nina Simone,0.326,79.206,0.39899999999999997,0.0,0.546,3
818,Black Night,Deep Purple,0.8420000000000001,134.661,0.531,0.0567,0.84,6
819,Cum On Feel The Noize,Slade,0.83,137.778,0.408,0.58,0.674,4
820,Tubthumping,Chumbawamba,0.88,101.185,0.348,0.0,0.606,7
821,"You're Sixteen, You're Beautiful (And You're Mine)",Johnny Burnette,0.52,78.818,0.402,8.900000000000001e-06,0.767,7
822,Stagger Lee,Lloyd Price,0.544,68.908,0.382,0.0,0.787,7
823,"Pop Muzik - Nik Launay '79 12""",M,0.727,110.796,0.94,0.00021,0.9690000000000001,6
824,I'm Yours,Jason Mraz,0.457,150.953,0.6859999999999999,0.0,0.718,0
825,Money (That's What I Want) - Single Version / Mono,Barrett Strong,0.813,132.313,0.6559999999999999,0.0,0.96,6
826,Love Song,Sara Bareilles,0.7859999999999999,123.055,0.583,0.0,0.573,1
827,Thunderstruck,AC/DC,0.89,133.52,0.502,0.0117,0.259,1
828,Everybody Loves Somebody,Dean Martin,0.391,119.182,0.366,0.0,0.461,5
829,Feliz Navidad,José Feliciano,0.857,148.749,0.485,0.0,0.963,2
830,Stan,Eminem,0.74,80.056,0.7809999999999999,2.27e-06,0.527,0
831,1999,Prince,0.73,118.523,0.866,0.0,0.625,6
832,I Just Can't Stop Loving You,Michael Jackson,0.488,100.15799999999999,0.655,5.74e-06,0.251,1
833,Someone Like You,Adele,0.321,135.047,0.5539999999999999,0.0,0.28800000000000003,5
834,Please Please Me - Remastered,The Beatles,0.48,139.388,0.527,0.0,0.706,2
835,Tell Laura I Love Her,Ray Peterson,0.358,102.34200000000001,0.515,0.0,0.29100000000000004,3
836,Donna - Single Version,Ritchie Valens,0.225,100.29899999999999,0.47200000000000003,0.0,0.29,3
837,Ev'ry Time We Say Goodbye,Ella Fitzgerald,0.16,80.359,0.32899999999999996,0.000101,0.23199999999999998,3
838,What You Need,INXS,0.899,115.941,0.6609999999999999,0.00494,0.491,1
839,Buddy Holly,Weezer,0.932,121.00399999999999,0.536,2.02e-05,0.755,6
840,I Ran (So Far Away),A Flock Of Seagulls,0.642,146.154,0.507,0.606,0.631,4
841,At Seventeen - Remastered,Janis Ian,0.281,125.206,0.615,0.000324,0.348,5
842,Promise Me,Beverley Craven,0.23199999999999998,124.176,0.46,0.0,0.293,5
843,YMCA - Original Version 1978,Village People,0.9690000000000001,126.65299999999999,0.723,0.0,0.728,6
844,Feel,Robbie Williams,0.732,97.99700000000001,0.599,0.00046699999999999997,0.295,1
845,Something In The Air,Thunderclap Newman,0.402,94.221,0.506,1.25e-05,0.54,3
846,Super Freak,Rick James,0.7959999999999999,132.44799999999998,0.835,0.0,0.9620000000000001,6
847,Radio Ga Ga - 2011 Mix,Queen,0.502,112.344,0.7440000000000001,0.00022799999999999999,0.66,0
848,Mercy,Duffy,0.8590000000000001,129.911,0.7929999999999999,0.000356,0.9640000000000001,6
849,Kids,MGMT,0.9309999999999999,122.961,0.451,0.0049,0.172,1
850,Raspberry Beret,Prince,0.67,120.75200000000001,0.7609999999999999,0.000426,0.91,6
851,Save The Best For Last,Vanessa Williams,0.297,95.97200000000001,0.531,0.0,0.225,3
852,A Little Respect - 2009 Remastered Version,Erasure,0.784,113.804,0.607,3.85e-06,0.622,6
853,Total Eclipse of the Heart,Bonnie Tyler,0.512,131.386,0.439,0.0,0.19699999999999998,5
854,Come On Eileen,Dexys Midnight Runners,0.615,108.016,0.466,0.0,0.812,7
855,Lovefool - Radio Edit,The Cardigans,0.599,111.829,0.644,0.0,0.941,6
856,Jump (For My Love),The Pointer Sisters,0.6970000000000001,134.533,0.8420000000000001,0.000101,0.9159999999999999,6
857,Somebody That I Used To Know,Gotye,0.521,129.039,0.862,0.000215,0.7440000000000001,0
858,"Take Me Home, Country Roads",John Denver,0.395,82.259,0.462,0.0,0.625,3
859,One,Metallica,0.695,102.178,0.43700000000000006,0.0857,0.413,7
860,This Guy's In Love With You,Herb Alpert & The Tijuana Brass,0.16699999999999998,83.76799999999999,0.635,0.000999,0.24600000000000002,3
861,The Power of Love,Jennifer Rush,0.40700000000000003,139.46200000000002,0.561,7.49e-05,0.293,5
862,Flashdance...What a Feeling - Radio Edit,Irene Cara,0.654,122.491,0.5720000000000001,3.21e-06,0.39899999999999997,1
863,Karma Chameleon,Culture Club,0.552,92.056,0.6609999999999999,0.0,0.9279999999999999,0
864,Jack & Diane,John Mellencamp,0.41,103.94,0.8109999999999999,6.94e-06,0.625,0
865,Despacito - Remix,Luis Fonsi,0.7979999999999999,177.899,0.649,0.0,0.857,2
866,Radioactive,Imagine Dragons,0.777,136.249,0.473,7.87e-05,0.21,1
867,Sadeness - Pt. 1 / Radio Edit,Enigma,0.626,95.70100000000001,0.607,0.0677,0.54,7
868,More Than Words,Extreme,0.127,91.625,0.623,0.0,0.237,3
869,Don't Get Me Wrong - 2007 Remaster,Pretenders,0.932,203.61700000000002,0.46,0.00504,0.8490000000000001,2
870,Brothers In Arms,Dire Straits,0.29600000000000004,79.273,0.413,0.8009999999999999,0.14400000000000002,4
871,Chuck E's in Love,Rickie Lee Jones,0.39799999999999996,113.204,0.797,0.0,0.75,0
872,Love Shack,The B-52's,0.8170000000000001,133.858,0.715,1.61e-06,0.871,6
873,All Out of Love,Air Supply,0.47,108.486,0.503,0.0,0.33399999999999996,3
874,A Thousand Miles,Vanessa Carlton,0.845,94.915,0.5589999999999999,0.0,0.304,1
875,Welcome to the Black Parade,My Chemical Romance,0.905,96.95,0.217,0.00011,0.23600000000000002,7
876,Get Lucky (feat. Pharrell Williams & Nile Rodgers) - Radio Edit,Daft Punk,0.8109999999999999,116.04700000000001,0.794,1.07e-06,0.862,6
877,Torn,Natalie Imbruglia,0.9279999999999999,96.315,0.5589999999999999,5.56e-05,0.599,7
878,Crazy In Love (feat. Jay-Z),Beyoncé,0.77,99.165,0.6459999999999999,0.0,0.6809999999999999,6
879,Cocaine,J.J. Cale,0.42100000000000004,104.359,0.792,0.455,0.40299999999999997,4
880,I Don't Feel Like Dancin' - Radio Edit,Scissor Sisters,0.924,108.03299999999999,0.711,0.0,0.912,6
881,Rose Garden,Lynn Anderson,0.501,131.064,0.589,0.0,0.9690000000000001,6
882,Never Can Say Goodbye - Single Version,Gloria Gaynor,0.861,124.985,0.628,0.0026899999999999997,0.852,6
883,Let Her Go,Passenger,0.5379999999999999,75.089,0.509,0.0,0.244,3
884,Never Gonna Give You Up,Rick Astley,0.9390000000000001,113.309,0.721,3.79e-05,0.914,6
885,True - Single Edit,Spandau Ballet,0.5329999999999999,97.395,0.742,0.14800000000000002,0.391,0
886,Black Dog - Remaster,Led Zeppelin,0.8640000000000001,81.39399999999999,0.43700000000000006,0.0314,0.7490000000000001,7
887,Lovin' You,Minnie Riperton,0.16399999999999998,72.029,0.387,0.0,0.409,3
888,Funkytown - Single Version,Lipps Inc.,0.564,122.632,0.907,0.65,0.22899999999999998,4
889,Do It Again,Steely Dan,0.537,124.574,0.682,3.07e-05,0.963,6
890,Happy,Pharrell Williams,0.757,159.911,0.652,0.0,0.9620000000000001,2
891,Hey Ya! - Radio Mix / Club Mix,OutKast,0.9670000000000001,79.505,0.7190000000000001,0.00024900000000000004,0.9640000000000001,6
892,Cars,Gary Numan,0.578,128.037,0.546,6.54e-05,0.8190000000000001,6
893,All of Me,John Legend,0.264,119.93,0.42200000000000004,0.0,0.331,5
894,The Lady In Red,Chris de Burgh,0.294,76.69800000000001,0.5479999999999999,3.34e-06,0.491,3
895,Tom Dooley,The Kingston Trio,0.14400000000000002,125.74,0.649,4.55e-06,0.45799999999999996,0
896,I Believe I Can Fly,R. Kelly,0.479,120.145,0.535,0.0,0.0395,1
897,Cherry Pink And Apple Blossom White,Pérez Prado,0.593,109.73899999999999,0.527,0.6859999999999999,0.633,4
898,Hot Stuff,Donna Summer,0.743,120.471,0.823,0.0306,0.966,6
899,Ramblin' Man,Allman Brothers Band,0.8320000000000001,178.873,0.311,0.00128,0.9329999999999999,2
900,Let Your Love Flow,The Bellamy Brothers,0.5529999999999999,109.071,0.679,7.16e-06,0.946,6
901,Cathy's Clown,The Everly Brothers,0.5820000000000001,119.809,0.498,0.0,0.866,7
902,Black Betty,Ram Jam,0.907,117.29299999999999,0.465,0.00118,0.6809999999999999,7
903,You're the Voice,John Farnham,0.66,85.209,0.502,0.000138,0.722,7
904,Feelings,Morris Albert,0.38299999999999995,80.472,0.392,3.23e-06,0.21600000000000003,3
905,Never Ever,All Saints,0.541,134.187,0.738,0.0,0.309,1
906,Breathe,Faith Hill,0.496,136.859,0.529,0.0,0.278,5
907,Escape (The Pina Colada Song),Rupert Holmes,0.509,138.714,0.836,4.1e-06,0.9490000000000001,0
908,Buffalo Soldier,Bob Marley & The Wailers,0.462,124.065,0.93,9.3e-06,0.777,0
909,Yeke Yeke,Mory Kanté,0.74,125.741,0.652,0.012,0.687,6
910,"Don't Cry For Me Argentina - From ""Evita""",Julie Covington,0.10800000000000001,108.552,0.326,4.24e-05,0.147,3
911,This Love,Maroon 5,0.868,95.05,0.7140000000000001,0.0,0.78,6
912,How Do I Live,LeAnn Rimes,0.462,128.303,0.5770000000000001,0.0,0.258,1
913,Loser,Beck,0.617,170.84,0.614,0.00011599999999999999,0.7879999999999999,2
914,"You're The One That I Want - From ""Grease"" Original Motion Picture Soundtrack",John Travolta,0.753,106.976,0.7509999999999999,0.000784,0.774,6
915,Royals,Lorde,0.428,84.87799999999999,0.674,0.0,0.337,3
916,We Built This City,Starship,0.9079999999999999,144.091,0.6609999999999999,0.0,0.6559999999999999,6
917,Games People Play,Joe South,0.693,172.06,0.332,3.17e-05,0.627,2
918,Twist And Shout,The Isley Brothers,0.8109999999999999,123.351,0.774,0.0,0.963,6
919,Cat's in the Cradle,Harry Chapin,0.5770000000000001,78.112,0.489,0.0,0.519,7
920,World,Bee Gees,0.5329999999999999,86.744,0.261,0.205,0.272,3
921,A Groovy Kind Of Love,The Mindbenders,0.603,96.988,0.456,0.0,0.679,7
922,Love Will Keep Us Together,Captain & Tennille,0.7809999999999999,129.618,0.621,0.0,0.93,6
923,(I Just) Died In Your Arms,Cutting Crew,0.727,124.919,0.632,7.64e-05,0.499,1
924,Black Velvet,Alannah Myles,0.366,91.147,0.754,9.04e-05,0.469,0
925,Rockin' All Over The World,Status Quo,0.9620000000000001,131.434,0.617,0.0017100000000000001,0.968,6
926,Life Is A Highway,Tom Cochrane,0.7509999999999999,103.036,0.6829999999999999,8.36e-06,0.841,6
927,My Baby Just Cares for Me - 2013 Remastered Version,Nina Simone,0.243,118.57799999999999,0.746,1.02e-06,0.425,0
928,Kicks,Paul Revere & The Raiders,0.698,131.172,0.5479999999999999,2.26e-06,0.62,1
929,Just Give Me a Reason (feat. Nate Ruess),P!nk,0.547,95.00200000000001,0.778,0.000302,0.441,0
930,Hey Baby - Remastered,Bruce Channel,0.552,130.05200000000002,0.632,0.0,0.557,1
931,Everybody's Got To Learn Sometime,The Korgis,0.23800000000000002,73.97800000000001,0.375,0.0425,0.0574,3
932,'74-'75,The Connells,0.59,144.202,0.53,0.00227,0.43,1
933,Sweet Dreams (Are Made of This) - Remastered,Eurythmics,0.711,125.135,0.6920000000000001,0.0,0.875,6
934,Knock Three Times,Tony Orlando & Dawn,0.6559999999999999,123.461,0.7809999999999999,1.37e-06,0.961,6
935,Everything About You,Ugly Kid Joe,0.7829999999999999,122.603,0.516,1.08e-06,0.775,6
936,Where The Streets Have No Name - Remastered,U2,0.7240000000000001,125.81200000000001,0.49,0.0046,0.292,1
937,Fox on the Run,Sweet,0.902,131.576,0.504,0.000614,0.624,1
938,Born to Be Alive,Patrick Hernandez,0.867,131.467,0.7040000000000001,0.0,0.809,6
939,"Living in America - From ""Rocky IV"" Soundtrack",James Brown,0.8540000000000001,113.90799999999999,0.754,0.00692,0.7609999999999999,6
940,Take Me to the River,Al Green,0.396,119.09899999999999,0.785,0.000286,0.93,0
941,Always Look On The Bright Side Of Life,Monty Python,0.535,120.071,0.669,0.0,0.7390000000000001,0
942,Would?,Alice In Chains,0.8320000000000001,100.677,0.305,2.4e-05,0.585,7
943,There Must Be an Angel (Playing with My Heart),Eurythmics,0.779,112.09100000000001,0.602,3.14e-06,0.6459999999999999,6
944,Borderline,Madonna,0.895,119.35600000000001,0.787,0.00064,0.452,1
945,Grace Kelly,MIKA,0.8240000000000001,122.221,0.6759999999999999,0.0152,0.696,6
946,Your Woman,White Town,0.605,102.64299999999999,0.815,0.684,0.795,4
947,Kung Fu Fighting,Carl Douglas,0.6729999999999999,102.035,0.598,6.840000000000001e-05,0.59,7
948,Giant Steps,John Coltrane,0.491,148.243,0.431,0.000458,0.5770000000000001,5
949,We Are The World,U.S.A. For Africa,0.447,72.58,0.528,0.0,0.292,3
950,White Flag,Dido,0.531,169.951,0.512,3.5000000000000004e-06,0.302,5
951,Alors on danse,Stromae,0.59,119.95100000000001,0.7909999999999999,0.00203,0.7140000000000001,0
952,Bleeding Love,Leona Lewis,0.6559999999999999,104.036,0.638,0.0,0.225,1
953,1979 - Remastered 2012,The Smashing Pumpkins,0.787,126.87899999999999,0.767,0.583,0.9640000000000001,4
954,Hey There Delilah,Plain White T's,0.376,103.851,0.51,0.000121,0.321,3
955,So What,Miles Davis,0.228,136.436,0.5329999999999999,0.000165,0.231,5
956,"The Good, the Bad and the Ugly - From ""The Good, the Bad and the Ugly""",Hugo Montenegro & His Orchestra,0.61,116.59899999999999,0.531,0.441,0.627,4
957,Kiss Me,Sixpence None The Richer,0.7490000000000001,99.98200000000001,0.526,1.76e-06,0.42100000000000004,1
958,Wannabe,Spice Girls,0.8640000000000001,110.008,0.768,0.0,0.8909999999999999,6
959,Pretty Fly (For A White Guy),The Offspring,0.895,143.38299999999998,0.722,1.27e-06,0.963,6
960,Rock Me Amadeus - The Gold Mix,Falco,0.9009999999999999,176.66400000000002,0.609,0.00949,0.866,2
961,Just Dance,Lady Gaga,0.7390000000000001,118.992,0.8220000000000001,4.26e-05,0.745,6
962,Poetry In Motion,Johnny Tillotson,0.693,135.184,0.486,0.0,0.888,2
963,Hello,Adele,0.431,157.98,0.47,0.0,0.289,5
964,"What Is Love - 7"" Mix",Haddaway,0.772,123.87100000000001,0.6829999999999999,0.0149,0.737,6
965,A Good Heart,Feargal Sharkey,0.884,104.647,0.653,0.0,0.762,6
966,We Gotta Get out of This Place - Rerecorded Version,The Animals,0.644,128.555,0.46799999999999997,7.11e-06,0.499,1
967,All Star,Smash Mouth,0.867,104.01899999999999,0.731,0.0,0.7759999999999999,6
968,Long Train Runnin',The Doobie Brothers,0.912,117.399,0.575,0.0021100000000000003,0.843,6
969,Day-O (The Banana Boat Song),Harry Belafonte,0.162,122.725,0.731,6.01e-06,0.47200000000000003,0
970,The Final Countdown,Europe,0.843,117.662,0.529,0.0008269999999999999,0.188,1
971,We're Not Gonna Take It,Twisted Sister,0.924,149.186,0.502,0.0,0.922,2
972,Hold Back The River,James Bay,0.715,134.922,0.715,0.0,0.507,1
973,"Baby, I Love You",The Ronettes,0.802,115.69200000000001,0.545,3.7e-05,0.8540000000000001,6
974,Stay With Me,Sam Smith,0.419,84.08200000000001,0.414,0.000195,0.18,3
975,Sunny,Bobby Hebb,0.33799999999999997,128.386,0.7140000000000001,0.00644,0.667,0
976,Mambo Italiano (with The Mellomen) - 78rpm Version,Rosemary Clooney,0.522,150.452,0.5920000000000001,0.0,0.8079999999999999,2
977,Put A Little Love In Your Heart,Jackie DeShannon,0.535,101.23200000000001,0.502,0.0,0.321,3
978,Tired of Toein' the Line,Rocky Burnette,0.773,120.465,0.67,0.0019199999999999998,0.8270000000000001,6
979,Bennie And The Jets - Remastered 2014,Elton John,0.6729999999999999,132.642,0.665,7.62e-06,0.779,6
980,Più bella cosa,Eros Ramazzotti,0.76,110.008,0.691,0.0,0.639,6
981,Sixteen Tons,Tennessee Ernie Ford,0.25,144.145,0.667,0.0,0.41200000000000003,0
982,Blurred Lines,Robin Thicke,0.503,119.99799999999999,0.862,1.87e-05,0.863,0
983,Take on Me,a-ha,0.902,84.412,0.573,0.00125,0.8759999999999999,7
984,Take Me To Church,Hozier,0.664,128.945,0.5660000000000001,0.0,0.43700000000000006,1
985,Chan Chan,Buena Vista Social Club,0.496,165.64700000000002,0.396,0.00534,0.679,2
986,"Hello Mary Lou, Goodbye Heart - Remastered",Ricky Nelson,0.633,98.995,0.602,0.0,0.9309999999999999,6
987,The Sun Ain't Gonna Shine Anymore - Stereo Version,The Walker Brothers,0.62,110.667,0.43700000000000006,0.0,0.619,7
988,Bring It On Home To Me,Sam Cooke,0.569,70.843,0.48200000000000004,0.0,0.609,7
989,Gangnam Style (강남스타일),PSY,0.937,132.067,0.727,0.0,0.7490000000000001,6
990,The Most Beautiful Girl,Charlie Rich,0.318,103.493,0.5760000000000001,7.47e-06,0.41,3
991,Tarzan Boy,Baltimora,0.573,107.363,0.684,0.027999999999999997,0.716,0
992,Baby Come Back,The Equals,0.645,135.059,0.72,0.00487,0.8059999999999999,6
993,Sukiyaki,Kyu Sakamoto,0.337,145.111,0.406,0.0,0.457,5
994,Informer,Snow,0.742,98.145,0.763,0.0,0.483,1
995,She Will Be Loved,Maroon 5,0.713,102.037,0.706,0.0,0.544,1
996,Achy Breaky Heart,Billy Ray Cyrus,0.563,121.80799999999999,0.8,0.0,0.961,6
997,Reet Petite,Jackie Wilson,0.66,84.345,0.664,0.0,0.873,6
998,All I Want for Christmas Is You,Mariah Carey,0.627,150.273,0.336,0.0,0.35,5
999,In the End,Linkin Park,0.8640000000000001,105.14299999999999,0.556,0.0,0.4,1
